[0] #InstanceTicker (Type-0) Ver.201902210552.tsv - (c)weepjp (c)kyori19 MIT License.	[1] ScreenName	[2] DomainName	[3] FontColor	[4] BackGroundColor	[5] ImgPath	[6] ImgWidth	[7] ImgLicense	[8] WikiURL	[9] UsersVoiceURL	[10] ImgLicenseURL	[11] AdminsVoiceURL	[12] Missingno.12	[13] Missingno.13
0	senooken.jp	social.senooken.jp	#fff	#c77	https://wee.jp/2/0.png	18	‰ª£Êõø„Ç¢„Ç§„Ç≥„É≥						
0	js4.in	js4.in	#fff	#c77	https://wee.jp/2/0.png	18	‰ª£Êõø„Ç¢„Ç§„Ç≥„É≥						
0	quitter.im	quitter.im	#fff	#c77	https://wee.jp/2/0.png	18	‰ª£Êõø„Ç¢„Ç§„Ç≥„É≥						
0	bitcast.info	social.bitcast.info	#fff	#c77	https://wee.jp/2/0.png	18	‰ª£Êõø„Ç¢„Ç§„Ç≥„É≥						
1	ÈñâÈéñÊ∏à„Åø	theboss.tech	#fff	#666	https://wee.jp/2/1.png	18	‰ª£Êõø„Ç¢„Ç§„Ç≥„É≥	https://ja.mstdn.wiki/Theboss.tech					
1	ÈñâÈéñÊ∏à„Åø	masi.theboss.tech	#fff	#666	https://wee.jp/2/1.png	18	‰ª£Êõø„Ç¢„Ç§„Ç≥„É≥	https://ja.mstdn.wiki/Theboss.tech					
1	ÈñâÈéñÊ∏à„Åø	pptdn.popnja.com	#fff	#666	https://wee.jp/2/1.png	18	‰ª£Êõø„Ç¢„Ç§„Ç≥„É≥		https://pptdn.popnja.com/@popn_ja/101170529451258116				
1	ÈñâÈéñÊ∏à„Åø	mikuspot.net	#fff	#666	https://wee.jp/2/1.png	18	‰ª£Êõø„Ç¢„Ç§„Ç≥„É≥	https://ja.mstdn.wiki/MIKUSPOT					
1	ÈñâÈéñÊ∏à„Åø	mstdn.nieein56.xyz	#fff	#666	https://wee.jp/2/1.png	18	‰ª£Êõø„Ç¢„Ç§„Ç≥„É≥						
1	ÈñâÈéñÊ∏à„Åø	fumufu.xyz	#fff	#666	https://wee.jp/2/1.png	18	‰ª£Êõø„Ç¢„Ç§„Ç≥„É≥						
1	ÈñâÈéñÊ∏à„Åø	newjack.city	#fff	#666	https://wee.jp/2/1.png	18	‰ª£Êõø„Ç¢„Ç§„Ç≥„É≥						
1	ÈñâÈéñÊ∏à„Åø	mobile.st	#fff	#666	https://wee.jp/2/1.png	18	‰ª£Êõø„Ç¢„Ç§„Ç≥„É≥						
2	ÈñâÈéñÊ∏à„Åø	bofa.lol	#fff	#666	https://wee.jp/2/2.png	18	‰ª£Êõø„Ç¢„Ç§„Ç≥„É≥						
2	ÈñâÈéñÊ∏à„Åø	ika.moe	#fff	#666	https://wee.jp/2/2.png	18	‰ª£Êõø„Ç¢„Ç§„Ç≥„É≥	https://ja.mstdn.wiki/Ika.moe					
2	ÈñâÈéñÊ∏à„Åø	843.pl	#fff	#666	https://wee.jp/2/2.png	18	‰ª£Êõø„Ç¢„Ç§„Ç≥„É≥						
2	ÈñâÈéñÊ∏à„Åø	mstdn.selfhosting.rocks	#fff	#666	https://wee.jp/2/2.png	18	‰ª£Êõø„Ç¢„Ç§„Ç≥„É≥						
2	ÈñâÈéñÊ∏à„Åø	greenlifeplus.net	#fff	#666	https://wee.jp/2/2.png	18	‰ª£Êõø„Ç¢„Ç§„Ç≥„É≥						
4	ÈñâÈéñÊ∏à„Åø	misskey.social	#fff	#666	https://wee.jp/2/4.png	18	‰ª£Êõø„Ç¢„Ç§„Ç≥„É≥						
4	ÈñâÈéñÊ∏à„Åø	lifeisabug.com	#fff	#666	https://wee.jp/2/4.png	18	‰ª£Êõø„Ç¢„Ç§„Ç≥„É≥						
1	mstdn.jp	mstdn.jp	#fff	#26a	https://wee.jp/2/1.png	18	‰ª£Êõø„Ç¢„Ç§„Ç≥„É≥	https://ja.mstdn.wiki/Mstdn.jp					
1	mstdn.cc	mstdn.cc	#fff	#26a	https://wee.jp/2/1.png	18	‰ª£Êõø„Ç¢„Ç§„Ç≥„É≥						
1	mstdn.beer	mstdn.beer	#fff	#26a	https://wee.jp/2/1.png	18	‰ª£Êõø„Ç¢„Ç§„Ç≥„É≥						
1	mstdn.blue	mstdn.blue	#fff	#26a	https://wee.jp/2/1.png	18	‰ª£Êõø„Ç¢„Ç§„Ç≥„É≥						
1	mstdn.guru	mstdn.guru	#fff	#26a	https://wee.jp/2/1.png	18	‰ª£Êõø„Ç¢„Ç§„Ç≥„É≥	https://ja.mstdn.wiki/Mstdn.guru					
1	mstdn.tw	mstdn.tw	#fff	#26a	https://wee.jp/2/1.png	18	‰ª£Êõø„Ç¢„Ç§„Ç≥„É≥						
1	mstdn.club	mstdn.club	#fff	#26a	https://wee.jp/2/1.png	18	‰ª£Êõø„Ç¢„Ç§„Ç≥„É≥	https://ja.mstdn.wiki/Mstdn.club					
1	mstdn.love	mstdn.love	#fff	#26a	https://wee.jp/2/1.png	18	‰ª£Êõø„Ç¢„Ç§„Ç≥„É≥	https://ja.mstdn.wiki/Mstdn.love					
1	mstdn.fm	mstdn.fm	#fff	#26a	https://wee.jp/2/1.png	18	‰ª£Êõø„Ç¢„Ç§„Ç≥„É≥						
1	tablegame.mstdn.cloud	tablegame.mstdn.cloud	#fff	#26a	https://wee.jp/2/1.png	18	‰ª£Êõø„Ç¢„Ç§„Ç≥„É≥	https://ja.mstdn.wiki/Dasoran					
1	socialgame.mstdn.cloud	socialgame.mstdn.cloud	#fff	#26a	https://wee.jp/2/1.png	18	‰ª£Êõø„Ç¢„Ç§„Ç≥„É≥	https://ja.mstdn.wiki/Dasoran					
1	anime.mstdn.cloud	anime.mstdn.cloud	#fff	#26a	https://wee.jp/2/1.png	18	‰ª£Êõø„Ç¢„Ç§„Ç≥„É≥	https://ja.mstdn.wiki/Dasoran					
1	gamecreate.mstdn.cloud	gamecreate.mstdn.cloud	#fff	#26a	https://wee.jp/2/1.png	18	‰ª£Êõø„Ç¢„Ç§„Ç≥„É≥	https://ja.mstdn.wiki/Dasoran					
1	azurlane.mastportal.info	azurlane.mastportal.info	#fff	#26a	https://wee.jp/2/1.png	18	‰ª£Êõø„Ç¢„Ç§„Ç≥„É≥	https://ja.mstdn.wiki/%E3%83%9E%E3%82%B9%E3%83%88%E3%83%9D%E3%83%BC%E3%82%BF%E3%83%AB					
1	animal-crossing.mastportal.info	animal-crossing.mastportal.info	#fff	#26a	https://wee.jp/2/1.png	18	‰ª£Êõø„Ç¢„Ç§„Ç≥„É≥	https://ja.mstdn.wiki/%E3%83%9E%E3%82%B9%E3%83%88%E3%83%9D%E3%83%BC%E3%82%BF%E3%83%AB					
1	pokemon.mastportal.info	pokemon.mastportal.info	#fff	#26a	https://wee.jp/2/1.png	18	‰ª£Êõø„Ç¢„Ç§„Ç≥„É≥	https://ja.mstdn.wiki/%E3%83%9D%E3%82%B1%E3%83%9E%E3%82%B9					
1	osomatsu.mastportal.info	osomatsu.mastportal.info	#fff	#26a	https://wee.jp/2/1.png	18	‰ª£Êõø„Ç¢„Ç§„Ç≥„É≥	https://ja.mstdn.wiki/%E3%83%9E%E3%82%B9%E3%83%88%E3%83%9D%E3%83%BC%E3%82%BF%E3%83%AB					
1	mastodon.chotto.moe	mastodon.chotto.moe	#fff	#26a	https://wee.jp/2/1.png	18	‰ª£Êõø„Ç¢„Ç§„Ç≥„É≥						
1	jitakurack.chotto.moe	jitakurack.chotto.moe	#fff	#26a	https://wee.jp/2/1.png	18	‰ª£Êõø„Ç¢„Ç§„Ç≥„É≥						
1	mstdn.hostdon.jp	mstdn.hostdon.jp	#fff	#26a	https://wee.jp/2/1.png	18	‰ª£Êõø„Ç¢„Ç§„Ç≥„É≥	https://ja.mstdn.wiki/Hostdon					
1	„Ç´„Ç™„Çπ„Éï„Ç£„Ç¢	chaosphere.hostdon.jp	#fff	#00f	https://wee.jp/2/1.png	18	‰ª£Êõø„Ç¢„Ç§„Ç≥„É≥				https://archive.fo/8awAJ		
1	GLdon	gldon.hostdon.jp	#fff	#0c0	https://wee.jp/2/1.png	18	‰ª£Êõø„Ç¢„Ç§„Ç≥„É≥				https://archive.fo/Xrbpr		
1	mostodon.cloud	mostodon.cloud	#fff	#26a	https://wee.jp/2/1.png	18	‰ª£Êõø„Ç¢„Ç§„Ç≥„É≥	https://ja.mstdn.wiki/Mostodon.cloud					
1	zhenya.masto.host	zhenya.masto.host	#fff	#26a	https://wee.jp/2/1.png	18	‰ª£Êõø„Ç¢„Ç§„Ç≥„É≥						
1	wndp.masto.host	wndp.masto.host	#fff	#26a	https://wee.jp/2/1.png	18	‰ª£Êõø„Ç¢„Ç§„Ç≥„É≥						
1	okadon.masto.host	okadon.masto.host	#fff	#26a	https://wee.jp/2/1.png	18	‰ª£Êõø„Ç¢„Ç§„Ç≥„É≥						
1	yukoyajp.masto.host	yukoyajp.masto.host	#fff	#26a	https://wee.jp/2/1.png	18	‰ª£Êõø„Ç¢„Ç§„Ç≥„É≥						
1	porkmeeting.masto.host	porkmeeting.masto.host	#fff	#26a	https://wee.jp/2/1.png	18	‰ª£Êõø„Ç¢„Ç§„Ç≥„É≥						
1	now.kibousoft.co.jp	now.kibousoft.co.jp	#fff	#26a	https://wee.jp/2/1.png	18	‰ª£Êõø„Ç¢„Ç§„Ç≥„É≥	https://ja.mstdn.wiki/Kibousoft_Now					
1	pawoo.net	pawoo.net	#fff	#26a	https://wee.jp/2/1.png	18	‰ª£Êõø„Ç¢„Ç§„Ç≥„É≥	https://ja.mstdn.wiki/Pawoo					
1	music.pawoo.net	music.pawoo.net	#fff	#26a	https://wee.jp/2/1.png	18	‰ª£Êõø„Ç¢„Ç§„Ç≥„É≥	https://ja.mstdn.wiki/Pawoo_Music					
1	friends.nico	friends.nico	#fff	#26a	https://wee.jp/2/1.png	18	‰ª£Êõø„Ç¢„Ç§„Ç≥„É≥	https://ja.mstdn.wiki/Friends.nico					
1	knzk.me	knzk.me	#fff	#26a	https://wee.jp/2/1.png	18	‰ª£Êõø„Ç¢„Ç§„Ç≥„É≥	https://dic.nicovideo.jp/id/5482954					
1	mstdn-workers.com	mstdn-workers.com	#fff	#26a	https://wee.jp/2/1.png	18	‰ª£Êõø„Ç¢„Ç§„Ç≥„É≥	https://ja.mstdn.wiki/%E5%8A%B4%E5%83%8D%E8%80%85%E3%81%9F%E3%81%A1%E3%81%AEMastodon					
1	„Åæ„Åô„Å®„Å©„Çì„Å°„Åª„Éº	mstdn.kemono-friends.info	#fff	#383	https://wee.jp/2/1.png	18	‰ª£Êõø„Ç¢„Ç§„Ç≥„É≥	https://ja.mstdn.wiki/%E3%81%BE%E3%81%99%E3%81%A8%E3%81%A9%E3%82%93%E3%81%A1%E3%81%BB%E3%83%BC					
1	ÂåóÊµ∑‰∏º (ÂåóÊµ∑ÈÅì)	mstdn.hokkaido.jp	#fff	#383	https://wee.jp/2/1.png	18	‰ª£Êõø„Ç¢„Ç§„Ç≥„É≥	https://ja.mstdn.wiki/Mstdn.hokkaido.jp					
1	„Ç§„ÉØ„ÉÜ„Éâ„É≥ (Â≤©Êâã)	iwatedon.net	#fff	#383	https://wee.jp/2/1.png	18	‰ª£Êõø„Ç¢„Ç§„Ç≥„É≥	https://ja.mstdn.wiki/Iwatedon.net					
1	ÂçÅÊó•Áî∫Â∏Ç (Êñ∞ÊΩü)	tokamstdn.jp	#fff	#383	https://wee.jp/2/1.png	18	‰ª£Êõø„Ç¢„Ç§„Ç≥„É≥	https://ja.mstdn.wiki/%E5%8D%81%E6%97%A5%E7%94%BA%E5%B8%82%E3%81%AEMastodon					
1	Ë∂≥Âà©Â∏Ç (Ê†ÉÊú®)	ashikaga.link	#fff	#383	https://wee.jp/2/1.png	18	‰ª£Êõø„Ç¢„Ç§„Ç≥„É≥	https://ja.mstdn.wiki/%E8%B6%B3%E5%88%A9%E5%B8%82%E3%81%AEMastodon					
1	Â∞èÁî∞ÊÄ•don	odakyu.app	#fff	#383	https://wee.jp/2/1.png	18	‰ª£Êõø„Ç¢„Ç§„Ç≥„É≥	https://ja.mstdn.wiki/%E5%B0%8F%E7%94%B0%E6%80%A5don					
1	ÊùøÊ©ã‰∏º	itabashi.0j0.jp	#fff	#383	https://wee.jp/2/1.png	18	‰ª£Êõø„Ç¢„Ç§„Ç≥„É≥	https://ja.mstdn.wiki/Itabashi.0j0.jp					
1	MastodonTokyo	mstdn.tokyo	#fff	#383	https://wee.jp/2/1.png	18	‰ª£Êõø„Ç¢„Ç§„Ç≥„É≥	https://ja.mstdn.wiki/Mastodon.tokyo					
1	Êù±Êù±‰∫¨	east.mstdn.tokyo	#fff	#383	https://wee.jp/2/1.png	18	‰ª£Êõø„Ç¢„Ç§„Ç≥„É≥	https://ja.mstdn.wiki/East.mstdn.tokyo					
1	Ikebuku.ro	mstdn.ikebuku.ro	#fff	#383	https://wee.jp/2/1.png	18	‰ª£Êõø„Ç¢„Ç§„Ç≥„É≥						
1	Ê±†Ë¢ã‰∏º 	mstdn.msky.tokyo	#fff	#383	https://wee.jp/2/1.png	18	‰ª£Êõø„Ç¢„Ç§„Ç≥„É≥						
1	Ê®™Êµú	mastodon.yokohama	#fff	#383	https://wee.jp/2/1.png	18	‰ª£Êõø„Ç¢„Ç§„Ç≥„É≥	https://ja.mstdn.wiki/Mastodon.yokohama					
1	Tekkadon (‰∏âÊµ¶ÂçäÂ≥∂)	tekkadon.manimani.cc	#fff	#383	https://wee.jp/2/1.png	18	‰ª£Êõø„Ç¢„Ç§„Ç≥„É≥						
1	„Çπ„Ç´‰∏º (Ê®™È†àË≥ÄÂ∏Ç)	sukadon.cf	#fff	#383	https://wee.jp/2/1.png	18	‰ª£Êõø„Ç¢„Ç§„Ç≥„É≥						
1	ÂêçÂè§Â±ã‰∏º	nagoyadon.jp	#fff	#383	https://wee.jp/2/1.png	18	‰ª£Êõø„Ç¢„Ç§„Ç≥„É≥	https://ja.mstdn.wiki/%E5%90%8D%E5%8F%A4%E5%B1%8B%E4%B8%BC					
1	Â§ßÈò™‰∏º	mstdn.osaka	#fff	#383	https://wee.jp/2/1.png	18	‰ª£Êõø„Ç¢„Ç§„Ç≥„É≥	https://ja.mstdn.wiki/Mstdn.osaka					
1	ÁÆïÈù¢„Å©„Çì (Â§ßÈò™)	minohdon.jp	#fff	#383	https://wee.jp/2/1.png	18	‰ª£Êõø„Ç¢„Ç§„Ç≥„É≥	https://ja.mstdn.wiki/Minohdon.jp					
1	„Éä„Ç¨„Éé„Éâ„É≥ (Èï∑Èáé)	ngndn.jp	#fff	#383	https://wee.jp/2/1.png	18	‰ª£Êõø„Ç¢„Ç§„Ç≥„É≥	https://ja.mstdn.wiki/NaGaNoDoN_%E3%83%8A%E3%82%AC%E3%83%8E%E3%83%89%E3%83%B3					
1	„Å≥„ÇèÊπñ (ÊªãË≥Ä)	biwakodon.com	#fff	#383	https://wee.jp/2/1.png	18	‰ª£Êõø„Ç¢„Ç§„Ç≥„É≥	https://ja.mstdn.wiki/%E3%81%B3%E3%82%8F%E6%B9%96%E3%81%AB%E6%9A%AE%E3%82%89%E3%81%99%E4%BA%BA%E3%81%AEMastodon					
1	ÈáëÊ≤¢‰∏º (Áü≥Â∑ù)	mstdn-kanazawa.jp	#fff	#383	https://wee.jp/2/1.png	18	‰ª£Êõø„Ç¢„Ç§„Ç≥„É≥	https://ja.mstdn.wiki/Mstdn-kanazawa.jp					
1	„Éû„Çπ„Éà„Å©„Åô (‰∫¨ÈÉΩ)	mastodos.com	#fff	#383	https://wee.jp/2/1.png	18	‰ª£Êõø„Ç¢„Ç§„Ç≥„É≥	https://ja.mstdn.wiki/%E3%83%9E%E3%82%B9%E3%83%88%E3%81%A9%E3%81%99					
1	ÂíåÊ≠åÂ±±‰∏º	mastodon.wakayama.jp	#fff	#383	https://wee.jp/2/1.png	18	‰ª£Êõø„Ç¢„Ç§„Ç≥„É≥	https://ja.mstdn.wiki/%E5%92%8C%E6%AD%8C%E5%B1%B1%E4%B8%BC					
1	Èπø„Éà„Éâ„É≥ (Â•àËâØ)	mastodon.nara.jp	#fff	#383	https://wee.jp/2/1.png	18	‰ª£Êõø„Ç¢„Ç§„Ç≥„É≥	https://ja.mstdn.wiki/Mastodon.nara.jp					
1	ÂÖµÂ∫´‰∏º	mstdn.hyogo.jp	#fff	#383	https://wee.jp/2/1.png	18	‰ª£Êõø„Ç¢„Ç§„Ç≥„É≥	https://ja.mstdn.wiki/Mstdn.hyogo.jp					
1	Â±±Èô∞‰∫§ÈÄö‰∏º	mstdn.sanin.link	#fff	#383	https://wee.jp/2/1.png	18	‰ª£Êõø„Ç¢„Ç§„Ç≥„É≥	https://ja.mstdn.wiki/%E5%B1%B1%E9%99%B0%E4%BA%A4%E9%80%9A%E4%B8%BC					
1	ÂõõÂõΩ‰∏º	shikokudon.m.to	#fff	#383	https://wee.jp/2/1.png	18	‰ª£Êõø„Ç¢„Ç§„Ç≥„É≥	https://ja.mstdn.wiki/Shikokudon.m.to					
1	„Åµ„Åè„Åä„Åã„Å©„Çì	mstdn.fukuoka.jp	#fff	#383	https://wee.jp/2/1.png	18	‰ª£Êõø„Ç¢„Ç§„Ç≥„É≥	https://ja.mstdn.wiki/Mstdn.fukuoka.jp					
1	Mastodon Â§ßÂàÜ	mastodon.oita.jp	#fff	#383	https://wee.jp/2/1.png	18	‰ª£Êõø„Ç¢„Ç§„Ç≥„É≥	https://ja.mstdn.wiki/Mastodon.oita.jp					
1	MastoDongene ÂÆÆÂ¥é	mstdn.miyazaki.jp	#fff	#383	https://wee.jp/2/1.png	18	‰ª£Êõø„Ç¢„Ç§„Ç≥„É≥	https://ja.mstdn.wiki/MastoDongene_%E5%AE%AE%E5%B4%8E					
1	„Å¶„Åí„Å©„Çì (ÈπøÂÖêÂ≥∂)	tegedon.net	#fff	#383	https://wee.jp/2/1.png	18	‰ª£Êõø„Ç¢„Ç§„Ç≥„É≥	https://ja.mstdn.wiki/Tegedon					
1	mstdn.maud.io	mstdn.maud.io	#fff	#26a	https://wee.jp/o/maud_io.png	28	Good Boy License + favicon.ico	https://ja.mstdn.wiki/Mstdn.maud.io		https://github.com/Akane-Blue/gallery			
1	mstdn.y-zu.org	mstdn.y-zu.org	#fff	#26a	https://wee.jp/2/1.png	18	‰ª£Êõø„Ç¢„Ç§„Ç≥„É≥	https://ja.mstdn.wiki/Mstdn.y-zu.org					
1	oransns.com	oransns.com	#fff	#26a	https://wee.jp/2/1.png	18	‰ª£Êõø„Ç¢„Ç§„Ç≥„É≥	https://ja.mstdn.wiki/Oransns.com					
1	v2.nyoki.club	v2.nyoki.club	#fff	#26a	https://wee.jp/2/1.png	18	‰ª£Êõø„Ç¢„Ç§„Ç≥„É≥						
1	abyss.fun	abyss.fun	#fff	#26a	https://wee.jp/2/1.png	18	‰ª£Êõø„Ç¢„Ç§„Ç≥„É≥	https://ja.mstdn.wiki/Abyss.fun					
1	mstdn.nere9.help	mstdn.nere9.help	#fff	#26a	https://wee.jp/2/1.png	18	‰ª£Êõø„Ç¢„Ç§„Ç≥„É≥	https://ja.mstdn.wiki/Mstdn.nere9.help					
1	mastodon.juggler.jp	mastodon.juggler.jp	#fff	#26a	https://wee.jp/2/1.png	18	‰ª£Êõø„Ç¢„Ç§„Ç≥„É≥	https://ja.mstdn.wiki/Mastodon.juggler.jp					
1	ding-dong.asmodeus.tokyo	ding-dong.asmodeus.tokyo	#fff	#26a	https://wee.jp/2/1.png	18	‰ª£Êõø„Ç¢„Ç§„Ç≥„É≥						
1	mastodon-train.info	mastodon-train.info	#fff	#26a	https://wee.jp/2/1.png	18	‰ª£Êõø„Ç¢„Ç§„Ç≥„É≥						
1	mastodon.home.js4.in	mastodon.home.js4.in	#fff	#26a	https://wee.jp/2/1.png	18	‰ª£Êõø„Ç¢„Ç§„Ç≥„É≥	https://ja.mstdn.wiki/IPv6%E3%83%89%E3%83%B3					
1	mstdn.komittee.net	mstdn.komittee.net	#fff	#26a	https://wee.jp/2/1.png	18	‰ª£Êõø„Ç¢„Ç§„Ç≥„É≥						
1	mstdn.mimikun.jp	mstdn.mimikun.jp	#fff	#26a	https://wee.jp/2/1.png	18	‰ª£Êõø„Ç¢„Ç§„Ç≥„É≥						
1	mstdn.f72u.net	mstdn.f72u.net	#fff	#26a	https://wee.jp/2/1.png	18	‰ª£Êõø„Ç¢„Ç§„Ç≥„É≥						
1	v1x3n.net	v1x3n.net	#fff	#26a	https://wee.jp/2/1.png	18	‰ª£Êõø„Ç¢„Ç§„Ç≥„É≥	https://ja.mstdn.wiki/V1x3n.net					
1	social.arnip.org	social.arnip.org	#fff	#26a	https://wee.jp/2/1.png	18	‰ª£Êõø„Ç¢„Ç§„Ç≥„É≥						
1	social.bluecore.net	social.bluecore.net	#fff	#26a	https://wee.jp/2/1.png	18	‰ª£Êõø„Ç¢„Ç§„Ç≥„É≥						
1	mstdn.asterism.xyz	mstdn.asterism.xyz	#fff	#26a	https://wee.jp/2/1.png	18	‰ª£Êõø„Ç¢„Ç§„Ç≥„É≥						
1	gensokyo.town	gensokyo.town	#fff	#26a	https://wee.jp/2/1.png	18	‰ª£Êõø„Ç¢„Ç§„Ç≥„É≥	https://ja.mstdn.wiki/Gensokyo.town					
1	social.mikutter.hachune.net	social.mikutter.hachune.net	#fff	#26a	https://wee.jp/2/1.png	18	‰ª£Êõø„Ç¢„Ç§„Ç≥„É≥	https://ja.mstdn.wiki/Social.mikutter.hachune.net					
1	pcgamer.social	pcgamer.social	#fff	#26a	https://wee.jp/2/1.png	18	‰ª£Êõø„Ç¢„Ç§„Ç≥„É≥						
1	dtp-mstdn.jp	dtp-mstdn.jp	#fff	#26a	https://wee.jp/2/1.png	18	‰ª£Êõø„Ç¢„Ç§„Ç≥„É≥	https://ja.mstdn.wiki/DTP-Mstdn.jp					
1	mstdn.h3z.jp	mstdn.h3z.jp	#fff	#26a	https://wee.jp/2/1.png	18	‰ª£Êõø„Ç¢„Ç§„Ç≥„É≥						
1	social.0ko.me	social.0ko.me	#fff	#26a	https://wee.jp/2/1.png	18	‰ª£Êõø„Ç¢„Ç§„Ç≥„É≥						
1	don.gomasy.jp	don.gomasy.jp	#fff	#26a	https://wee.jp/2/1.png	18	‰ª£Êõø„Ç¢„Ç§„Ç≥„É≥						
1	„Éü„ÉãÂõõÈßÜDON	mstdn.mini4wd-engineer.com	#fff	#26a	https://wee.jp/o/mini4wd.png	32	ÁÆ°ÁêÜËÄÖÊèêÂá∫	https://ja.mstdn.wiki/%E3%83%9F%E3%83%8B%E5%9B%9B%E9%A7%86DON	https://mstdn.mini4wd-engineer.com/@kumanotetu/101067852009767326	https://archive.fo/X3zwy	https://archive.fo/X3zwy		
1	claristdon.net	claristdon.net	#fff	#26a	https://wee.jp/2/1.png	18	‰ª£Êõø„Ç¢„Ç§„Ç≥„É≥						
1	claris.cf	claris.cf	#003	#ffc7c8	https://wee.jp/o/claris_cf.png	17	ÁÆ°ÁêÜËÄÖÊèêÂá∫	https://ja.mstdn.wiki/Claris.cf		https://archive.fo/Okzug	https://archive.fo/Okzug		
1	toot.playground.ws	toot.playground.ws	#fff	#26a	https://wee.jp/2/1.png	18	‰ª£Êõø„Ç¢„Ç§„Ç≥„É≥						
1	m.auri.ga	m.auri.ga	#fff	#26a	https://wee.jp/2/1.png	18	‰ª£Êõø„Ç¢„Ç§„Ç≥„É≥						
1	mastodon.motcha.tech	mastodon.motcha.tech	#fff	#26a	https://wee.jp/2/1.png	18	‰ª£Êõø„Ç¢„Ç§„Ç≥„É≥	https://ja.mstdn.wiki/Mastodon.motcha.tech					
1	mastodon.crazynewworld.net	mastodon.crazynewworld.net	#fff	#26a	https://wee.jp/2/1.png	18	‰ª£Êõø„Ç¢„Ç§„Ç≥„É≥						
1	yakumo.foundation	yakumo.foundation	#fff	#26a	https://wee.jp/2/1.png	18	‰ª£Êõø„Ç¢„Ç§„Ç≥„É≥						
1	tsuki.network	tsuki.network	#fff	#26a	https://wee.jp/2/1.png	18	‰ª£Êõø„Ç¢„Ç§„Ç≥„É≥						
1	mstdn.awa.sfc.keio.ac.jp	mstdn.awa.sfc.keio.ac.jp	#fff	#26a	https://wee.jp/2/1.png	18	‰ª£Êõø„Ç¢„Ç§„Ç≥„É≥	https://ja.mstdn.wiki/Mstdn.awa.sfc.keio.ac.jp					
1	utodon.jp	utodon.jp	#fff	#26a	https://wee.jp/2/1.png	18	‰ª£Êõø„Ç¢„Ç§„Ç≥„É≥	https://ja.mstdn.wiki/UTodon					
1	taruntarun.net	taruntarun.net	#fff	#26a	https://wee.jp/2/1.png	18	‰ª£Êõø„Ç¢„Ç§„Ç≥„É≥						
1	üíåÁßÅ‰ø°	si.pmpm.pw	#000	#fff,#fff	https://wee.jp/2/1.png	18	‰ª£Êõø„Ç¢„Ç§„Ç≥„É≥				https://archive.fo/mJSSm		
1	raptol.net	raptol.net	#fff	#26a	https://wee.jp/2/1.png	18	‰ª£Êõø„Ç¢„Ç§„Ç≥„É≥						
1	mast.moe	mast.moe	#fff	#26a	https://wee.jp/2/1.png	18	‰ª£Êõø„Ç¢„Ç§„Ç≥„É≥						
1	momoiro9.ro	momoiro9.ro	#fff	#26a	https://wee.jp/2/1.png	18	‰ª£Êõø„Ç¢„Ç§„Ç≥„É≥						
1	social.hideo54.com	social.hideo54.com	#fff	#26a	https://wee.jp/2/1.png	18	‰ª£Êõø„Ç¢„Ç§„Ç≥„É≥						
1	under-bank.blue	under-bank.blue	#fff	#26a	https://wee.jp/2/1.png	18	‰ª£Êõø„Ç¢„Ç§„Ç≥„É≥						
1	raspidon.mamemo.online	raspidon.mamemo.online	#fff	#26a	https://wee.jp/2/1.png	18	‰ª£Êõø„Ç¢„Ç§„Ç≥„É≥						
1	sukebeneko.com	sukebeneko.com	#fff	#26a	https://wee.jp/2/1.png	18	‰ª£Êõø„Ç¢„Ç§„Ç≥„É≥						
1	vocalodon.net	vocalodon.net	#fff	#488,#399	https://wee.jp/2/1.png	18	‰ª£Êõø„Ç¢„Ç§„Ç≥„É≥	https://ja.mstdn.wiki/Vocalodon					
1	mstdn.tomokiwakimoto.com	mstdn.tomokiwakimoto.com	#fff	#26a	https://wee.jp/2/1.png	18	‰ª£Êõø„Ç¢„Ç§„Ç≥„É≥						
1	39sounds.net	39sounds.net	#fff	#26a	https://wee.jp/2/1.png	18	‰ª£Êõø„Ç¢„Ç§„Ç≥„É≥						
1	mikumikudance.cloud	mikumikudance.cloud	#fff	#26a	https://wee.jp/2/1.png	18	‰ª£Êõø„Ç¢„Ç§„Ç≥„É≥	https://ja.mstdn.wiki/Mikumikudance.cloud					
1	iguanodon.net	iguanodon.net	#fff	#26a	https://wee.jp/2/1.png	18	‰ª£Êõø„Ç¢„Ç§„Ç≥„É≥						
1	ertona.net	ertona.net	#fff	#26a	https://wee.jp/2/1.png	18	‰ª£Êõø„Ç¢„Ç§„Ç≥„É≥						
1	alserver.jp	alserver.jp	#fff	#26a	https://wee.jp/2/1.png	18	‰ª£Êõø„Ç¢„Ç§„Ç≥„É≥						
1	msdnaart.net	msdnaart.net	#fff	#26a	https://wee.jp/2/1.png	18	‰ª£Êõø„Ç¢„Ç§„Ç≥„É≥	https://ja.mstdn.wiki/Msdnaart.net					
1	don.mamemo.online	don.mamemo.online	#fff	#26a	https://wee.jp/2/1.png	18	‰ª£Êõø„Ç¢„Ç§„Ç≥„É≥						
1	mastodon.lithium03.info	mastodon.lithium03.info	#fff	#26a	https://wee.jp/2/1.png	18	‰ª£Êõø„Ç¢„Ç§„Ç≥„É≥						
1	mstdn.poyo.me	mstdn.poyo.me	#fff	#26a	https://wee.jp/2/1.png	18	‰ª£Êõø„Ç¢„Ç§„Ç≥„É≥	https://ja.mstdn.wiki/Poyo.me					
1	ro-mastodon.puyo.jp	ro-mastodon.puyo.jp	#fff	#26a	https://wee.jp/2/1.png	18	‰ª£Êõø„Ç¢„Ç§„Ç≥„É≥	https://ja.mstdn.wiki/RO%E4%B8%BC					
1	toot.yukimochi.jp	toot.yukimochi.jp	#fff	#26a	https://wee.jp/2/1.png	18	‰ª£Êõø„Ç¢„Ç§„Ç≥„É≥	https://ja.mstdn.wiki/%E9%9B%AA%E9%A4%85					
1	mustardon.tokyo	mustardon.tokyo	#fff	#26a	https://wee.jp/2/1.png	18	‰ª£Êõø„Ç¢„Ç§„Ç≥„É≥						
1	setl.ist	setl.ist	#fff	#26a	https://wee.jp/2/1.png	18	‰ª£Êõø„Ç¢„Ç§„Ç≥„É≥						
1	mst.m544.net	mst.m544.net	#fff	#26a	https://wee.jp/2/1.png	18	‰ª£Êõø„Ç¢„Ç§„Ç≥„É≥	https://ja.mstdn.wiki/%E3%82%81%E3%81%84%E3%82%81%E3%81%84					
1	prinsesse.co	prinsesse.co	#fff	#26a	https://wee.jp/2/1.png	18	‰ª£Êõø„Ç¢„Ç§„Ç≥„É≥						
1	orikilli.yaruki0.net	orikilli.yaruki0.net	#fff	#26a	https://wee.jp/2/1.png	18	‰ª£Êõø„Ç¢„Ç§„Ç≥„É≥						
1	mstdn.rinsuki.net	mstdn.rinsuki.net	#fff	#26a	https://wee.jp/2/1.png	18	‰ª£Êõø„Ç¢„Ç§„Ç≥„É≥						
1	rainyman.jp	rainyman.jp	#fff	#26a	https://wee.jp/2/1.png	18	‰ª£Êõø„Ç¢„Ç§„Ç≥„É≥						
1	mstdn.kanagu.info	mstdn.kanagu.info	#fff	#26a	https://wee.jp/2/1.png	18	‰ª£Êõø„Ç¢„Ç§„Ç≥„É≥						
1	mastodon.cardina1.red	mastodon.cardina1.red	#fff	#26a	https://wee.jp/2/1.png	18	‰ª£Êõø„Ç¢„Ç§„Ç≥„É≥						
1	mastodon.zunda.ninja	mastodon.zunda.ninja	#fff	#26a	https://wee.jp/2/1.png	18	‰ª£Êõø„Ç¢„Ç§„Ç≥„É≥						
1	isidai.com	isidai.com	#fff	#26a	https://wee.jp/2/1.png	18	‰ª£Êõø„Ç¢„Ç§„Ç≥„É≥						
1	tebukuro.pw	tebukuro.pw	#fff	#26a	https://wee.jp/2/1.png	18	‰ª£Êõø„Ç¢„Ç§„Ç≥„É≥						
1	tebukuro.m.to	tebukuro.m.to	#fff	#26a	https://wee.jp/2/1.png	18	‰ª£Êõø„Ç¢„Ç§„Ç≥„É≥						
1	„Åü„ÅÑ„ÇÑ„Åç„ÇìÂÆ∂	mstdn.taiyaki.online	#fff	#c4972f	https://wee.jp/o/taiyaki.png	17	ÁÆ°ÁêÜËÄÖÊèêÂá∫			https://archive.fo/APzOV	https://archive.fo/oKQyA		
1	cironnup.com	cironnup.com	#fff	#26a	https://wee.jp/2/1.png	18	‰ª£Êõø„Ç¢„Ç§„Ç≥„É≥						
1	mastodon.matcha-soft.com	mastodon.matcha-soft.com	#fff	#26a	https://wee.jp/2/1.png	18	‰ª£Êõø„Ç¢„Ç§„Ç≥„É≥						
1	md.ggtea.org	md.ggtea.org	#fff	#26a	https://wee.jp/2/1.png	18	‰ª£Êõø„Ç¢„Ç§„Ç≥„É≥						
1	altdn.me	altdn.me	#fff	#26a	https://wee.jp/2/1.png	18	‰ª£Êõø„Ç¢„Ç§„Ç≥„É≥						
1	matitodon.com	matitodon.com	#fff	#26a	https://wee.jp/2/1.png	18	‰ª£Êõø„Ç¢„Ç§„Ç≥„É≥	https://ja.mstdn.wiki/%E3%81%BE%E3%81%A1%E3%83%88%E3%83%89%E3%83%B3					
1	handon.club	handon.club	#fff	#26a	https://wee.jp/2/1.png	18	‰ª£Êõø„Ç¢„Ç§„Ç≥„É≥						
1	gamelinks007.net	gamelinks007.net	#fff	#26a	https://wee.jp/2/1.png	18	‰ª£Êõø„Ç¢„Ç§„Ç≥„É≥	https://ja.mstdn.wiki/Creatodon					
1	mstdn.fujii-yuji.net	mstdn.fujii-yuji.net	#fff	#26a	https://wee.jp/2/1.png	18	‰ª£Êõø„Ç¢„Ç§„Ç≥„É≥						
1	Telmina‚Äôs TL	tl.telmina.com	#fff	#008060	https://wee.jp/2/1.png	18	‰ª£Êõø„Ç¢„Ç§„Ç≥„É≥		https://tl.telmina.com/@Telmina/101233441633013227		https://archive.fo/IyPfu		
1	LIBERA S2	s2.libera.blue	#fff	#004ea2	https://wee.jp/2/1.png	18	‰ª£Êõø„Ç¢„Ç§„Ç≥„É≥		https://s2.libera.blue/@Telmina/101233453464838392		https://archive.fo/E7683		
1	imastodon.net	imastodon.net	#fff	#26a	https://wee.jp/2/1.png	18	‰ª£Êõø„Ç¢„Ç§„Ç≥„É≥	https://ja.mstdn.wiki/Imastodon.net					
1	gorone.xyz	gorone.xyz	#fff	#26a	https://wee.jp/2/1.png	18	‰ª£Êõø„Ç¢„Ç§„Ç≥„É≥						
1	ffxiv-mastodon.com	ffxiv-mastodon.com	#fff	#26a	https://wee.jp/2/1.png	18	‰ª£Êõø„Ç¢„Ç§„Ç≥„É≥	https://ja.mstdn.wiki/Ffxiv-mastodon.com					
1	syasai.club	syasai.club	#fff	#26a	https://wee.jp/2/1.png	18	‰ª£Êõø„Ç¢„Ç§„Ç≥„É≥						
1	mstdn.precure.fun	mstdn.precure.fun	#fff	#26a	https://wee.jp/2/1.png	18	‰ª£Êõø„Ç¢„Ç§„Ç≥„É≥						
1	mstdn.inct-densan.club	mstdn.inct-densan.club	#fff	#26a	https://wee.jp/2/1.png	18	‰ª£Êõø„Ç¢„Ç§„Ç≥„É≥						
1	muknown.jp	muknown.jp	#fff	#26a	https://wee.jp/2/1.png	18	‰ª£Êõø„Ç¢„Ç§„Ç≥„É≥						
1	mastodon.potproject.net	mastodon.potproject.net	#fff	#26a	https://wee.jp/2/1.png	18	‰ª£Êõø„Ç¢„Ç§„Ç≥„É≥						
1	awoo.ongstar.jp	awoo.ongstar.jp	#fff	#26a	https://wee.jp/2/1.png	18	‰ª£Êõø„Ç¢„Ç§„Ç≥„É≥						
1	popon.pptdn.jp	popon.pptdn.jp	#fff	#26a	https://wee.jp/2/1.png	18	‰ª£Êõø„Ç¢„Ç§„Ç≥„É≥						
1	yysk.icu	yysk.icu	#fff	#26a	https://wee.jp/2/1.png	18	‰ª£Êõø„Ç¢„Ç§„Ç≥„É≥						
1	toot.blue	toot.blue	#fff	#26a	https://wee.jp/2/1.png	18	‰ª£Êõø„Ç¢„Ç§„Ç≥„É≥						
1	mstdn.gtn-works.com	mstdn.gtn-works.com	#fff	#26a	https://wee.jp/2/1.png	18	‰ª£Êõø„Ç¢„Ç§„Ç≥„É≥						
1	angraecumnote.net	angraecumnote.net	#fff	#26a	https://wee.jp/2/1.png	18	‰ª£Êõø„Ç¢„Ç§„Ç≥„É≥						
1	real-escape.jp	real-escape.jp	#fff	#26a	https://wee.jp/2/1.png	18	‰ª£Êõø„Ç¢„Ç§„Ç≥„É≥						
1	ukadon.shillest.net	ukadon.shillest.net	#fff	#26a	https://wee.jp/2/1.png	18	‰ª£Êõø„Ç¢„Ç§„Ç≥„É≥						
1	don.neso.tech	don.neso.tech	#fff	#26a	https://wee.jp/2/1.png	18	‰ª£Êõø„Ç¢„Ç§„Ç≥„É≥						
1	mastodon.snowandtweet.jp	mastodon.snowandtweet.jp	#fff	#26a	https://wee.jp/2/1.png	18	‰ª£Êõø„Ç¢„Ç§„Ç≥„É≥	https://ja.mstdn.wiki/Mastodon.snowandtweet.jp					
1	mstdn.klamath.jp	mstdn.klamath.jp	#fff	#26a	https://wee.jp/2/1.png	18	‰ª£Êõø„Ç¢„Ç§„Ç≥„É≥						
1	mathtod.online	mathtod.online	#fff	#26a	https://wee.jp/2/1.png	18	‰ª£Êõø„Ç¢„Ç§„Ç≥„É≥						
1	seichi.work	seichi.work	#fff	#26a	https://wee.jp/2/1.png	18	‰ª£Êõø„Ç¢„Ç§„Ç≥„É≥						
1	steam-don.fun	steam-don.fun	#fff	#26a	https://wee.jp/2/1.png	18	‰ª£Êõø„Ç¢„Ç§„Ç≥„É≥						
1	mstdn.kurosuke.org	mstdn.kurosuke.org	#fff	#26a	https://wee.jp/2/1.png	18	‰ª£Êõø„Ç¢„Ç§„Ç≥„É≥						
1	felesitas.cloud	felesitas.cloud	#fff	#26a	https://wee.jp/2/1.png	18	‰ª£Êõø„Ç¢„Ç§„Ç≥„É≥						
1	mstdn.res.ac	mstdn.res.ac	#fff	#26a	https://wee.jp/2/1.png	18	‰ª£Êõø„Ç¢„Ç§„Ç≥„É≥						
1	mdn.hinaloe.net	mdn.hinaloe.net	#fff	#26a	https://wee.jp/2/1.png	18	‰ª£Êõø„Ç¢„Ç§„Ç≥„É≥						
1	mstdn.dasoran.net	mstdn.dasoran.net	#fff	#26a	https://wee.jp/2/1.png	18	‰ª£Êõø„Ç¢„Ç§„Ç≥„É≥						
1	fla.red	fla.red	#fff	#26a	https://wee.jp/2/1.png	18	‰ª£Êõø„Ç¢„Ç§„Ç≥„É≥	https://ja.mstdn.wiki/Fla.red					
1	qiitadon.com	qiitadon.com	#fff	#26a	https://wee.jp/2/1.png	18	‰ª£Êõø„Ç¢„Ç§„Ç≥„É≥						
1	mstdn.soysoftware.net	mstdn.soysoftware.net	#fff	#26a	https://wee.jp/2/1.png	18	‰ª£Êõø„Ç¢„Ç§„Ç≥„É≥						
1	otogamer.me	otogamer.me	#fff	#26a	https://wee.jp/2/1.png	18	‰ª£Êõø„Ç¢„Ç§„Ç≥„É≥	https://ja.mstdn.wiki/Otogamer.me					
1	otoya.space	otoya.space	#fff	#26a	https://wee.jp/2/1.png	18	‰ª£Êõø„Ç¢„Ç§„Ç≥„É≥	https://ja.mstdn.wiki/%E9%9F%B3%E5%B1%8B%E4%B8%BC					
1	photodn.net	photodn.net	#fff	#26a	https://wee.jp/2/1.png	18	‰ª£Êõø„Ç¢„Ç§„Ç≥„É≥						
1	mstdn.ryanak.xyz	mstdn.ryanak.xyz	#fff	#26a	https://wee.jp/2/1.png	18	‰ª£Êõø„Ç¢„Ç§„Ç≥„É≥						
1	digineko.jp	digineko.jp	#fff	#26a	https://wee.jp/2/1.png	18	‰ª£Êõø„Ç¢„Ç§„Ç≥„É≥						
1	don.m2hq.net	don.m2hq.net	#fff	#26a	https://wee.jp/2/1.png	18	‰ª£Êõø„Ç¢„Ç§„Ç≥„É≥						
1	mstdn.unasuke.com	mstdn.unasuke.com	#fff	#26a	https://wee.jp/2/1.png	18	‰ª£Êõø„Ç¢„Ç§„Ç≥„É≥						
1	mastodon.osyakasyama.me	mastodon.osyakasyama.me	#fff	#26a	https://wee.jp/2/1.png	18	‰ª£Êõø„Ç¢„Ç§„Ç≥„É≥						
1	testingmstdn.abcang.net	testingmstdn.abcang.net	#fff	#26a	https://wee.jp/2/1.png	18	‰ª£Êõø„Ç¢„Ç§„Ç≥„É≥						
1	hige.alterna-cloud.com	hige.alterna-cloud.com	#fff	#26a	https://wee.jp/2/1.png	18	‰ª£Êõø„Ç¢„Ç§„Ç≥„É≥						
1	mstdn.—Å—É–º–∏—Ä—ç.—Ä—Ñ	mstdn.xn--h1ahnbk7d.xn--p1ai	#fff	#26a	https://wee.jp/2/1.png	18	‰ª£Êõø„Ç¢„Ç§„Ç≥„É≥						
1	mstdn.a-tak.com	mstdn.a-tak.com	#fff	#26a	https://wee.jp/2/1.png	18	‰ª£Êõø„Ç¢„Ç§„Ç≥„É≥						
1	shiroganedon.net	shiroganedon.net	#fff	#26a	https://wee.jp/2/1.png	18	‰ª£Êõø„Ç¢„Ç§„Ç≥„É≥						
1	gingadon.com	gingadon.com	#fff	#26a	https://wee.jp/2/1.png	18	‰ª£Êõø„Ç¢„Ç§„Ç≥„É≥	https://ja.mstdn.wiki/%E9%8A%80%E6%B2%B3%E4%B8%BC					
1	mstdn.haun.jp	mstdn.haun.jp	#fff	#26a	https://wee.jp/2/1.png	18	‰ª£Êõø„Ç¢„Ç§„Ç≥„É≥						
1	pao.moe	pao.moe	#fff	#26a	https://wee.jp/2/1.png	18	‰ª£Êõø„Ç¢„Ç§„Ç≥„É≥						
1	mstdn.kuriuzu.tk	mstdn.kuriuzu.tk	#fff	#26a	https://wee.jp/2/1.png	18	‰ª£Êõø„Ç¢„Ç§„Ç≥„É≥						
1	amemiya.work	amemiya.work	#fff	#26a	https://wee.jp/2/1.png	18	‰ª£Êõø„Ç¢„Ç§„Ç≥„É≥						
1	mstdn.glorificatio.org	mstdn.glorificatio.org	#fff	#26a	https://wee.jp/2/1.png	18	‰ª£Êõø„Ç¢„Ç§„Ç≥„É≥						
1	meganekeesu.tokyo	meganekeesu.tokyo	#fff	#26a	https://wee.jp/2/1.png	18	‰ª£Êõø„Ç¢„Ç§„Ç≥„É≥						
1	mastodooooooon.xyz	mastodooooooon.xyz	#fff	#26a	https://wee.jp/2/1.png	18	‰ª£Êõø„Ç¢„Ç§„Ç≥„É≥						
1	md.xps2.net	md.xps2.net	#fff	#26a	https://wee.jp/2/1.png	18	‰ª£Êõø„Ç¢„Ç§„Ç≥„É≥						
1	solna.in	solna.in	#fff	#26a	https://wee.jp/2/1.png	18	‰ª£Êõø„Ç¢„Ç§„Ç≥„É≥						
1	gadget.inpocket.net	gadget.inpocket.net	#fff	#26a	https://wee.jp/2/1.png	18	‰ª£Êõø„Ç¢„Ç§„Ç≥„É≥						
1	wug.fun	wug.fun	#fff	#26a	https://wee.jp/2/1.png	18	‰ª£Êõø„Ç¢„Ç§„Ç≥„É≥	https://ja.mstdn.wiki/Wugtodon					
1	netstat.app	netstat.app	#fff	#26a	https://wee.jp/2/1.png	18	‰ª£Êõø„Ç¢„Ç§„Ç≥„É≥						
1	kakudon.com	kakudon.com	#fff	#26a	https://wee.jp/2/1.png	18	‰ª£Êõø„Ç¢„Ç§„Ç≥„É≥	https://ja.mstdn.wiki/Kakudon.com					
1	social.kimamass.com	social.kimamass.com	#fff	#26a	https://wee.jp/2/1.png	18	‰ª£Êõø„Ç¢„Ç§„Ç≥„É≥						
1	qnmd.info	qnmd.info	#fff	#26a	https://wee.jp/2/1.png	18	‰ª£Êõø„Ç¢„Ç§„Ç≥„É≥						
1	kuroringo.com	kuroringo.com	#fff	#26a	https://wee.jp/2/1.png	18	‰ª£Êõø„Ç¢„Ç§„Ç≥„É≥						
1	mstdn.yakitamago.info	mstdn.yakitamago.info	#fff	#26a	https://wee.jp/2/1.png	18	‰ª£Êõø„Ç¢„Ç§„Ç≥„É≥						
1	makimaki.jp	makimaki.jp	#fff	#26a	https://wee.jp/2/1.png	18	‰ª£Êõø„Ç¢„Ç§„Ç≥„É≥						
1	mstdn.nekonote.cc	mstdn.nekonote.cc	#fff	#26a	https://wee.jp/2/1.png	18	‰ª£Êõø„Ç¢„Ç§„Ç≥„É≥						
1	kurage.cc	kurage.cc	#fff	#26a	https://wee.jp/2/1.png	18	‰ª£Êõø„Ç¢„Ç§„Ç≥„É≥	https://ja.mstdn.wiki/Kurage.cc					
1	mstdn.atcurio.com	mstdn.atcurio.com	#fff	#26a	https://wee.jp/2/1.png	18	‰ª£Êõø„Ç¢„Ç§„Ç≥„É≥						
1	junkhub.org	junkhub.org	#fff	#26a	https://wee.jp/2/1.png	18	‰ª£Êõø„Ç¢„Ç§„Ç≥„É≥						
1	cpper.xyz	cpper.xyz	#fff	#26a	https://wee.jp/2/1.png	18	‰ª£Êõø„Ç¢„Ç§„Ç≥„É≥						
1	yamaken.jp	yamaken.jp	#fff	#26a	https://wee.jp/2/1.png	18	‰ª£Êõø„Ç¢„Ç§„Ç≥„É≥						
1	gnosia.info	gnosia.info	#fff	#26a	https://wee.jp/2/1.png	18	‰ª£Êõø„Ç¢„Ç§„Ç≥„É≥						
1	omochi.xyz	omochi.xyz	#fff	#26a	https://wee.jp/2/1.png	18	‰ª£Êõø„Ç¢„Ç§„Ç≥„É≥						
1	mosw.work	mosw.work	#fff	#26a	https://wee.jp/2/1.png	18	‰ª£Êõø„Ç¢„Ç§„Ç≥„É≥						
1	mastodon.tmp1024.com	mastodon.tmp1024.com	#fff	#26a	https://wee.jp/2/1.png	18	‰ª£Êõø„Ç¢„Ç§„Ç≥„É≥						
1	obitsudon.midyuki.net	obitsudon.midyuki.net	#fff	#26a	https://wee.jp/2/1.png	18	‰ª£Êõø„Ç¢„Ç§„Ç≥„É≥						
1	grain.izayoiwind.net	grain.izayoiwind.net	#fff	#26a	https://wee.jp/2/1.png	18	‰ª£Êõø„Ç¢„Ç§„Ç≥„É≥						
1	mstdn.kessai-otaku.club	mstdn.kessai-otaku.club	#fff	#26a	https://wee.jp/2/1.png	18	‰ª£Êõø„Ç¢„Ç§„Ç≥„É≥						
1	md.paoon.social	md.paoon.social	#fff	#26a	https://wee.jp/2/1.png	18	‰ª£Êõø„Ç¢„Ç§„Ç≥„É≥						
1	yakiniku.cloud	yakiniku.cloud	#fff	#26a	https://wee.jp/2/1.png	18	‰ª£Êõø„Ç¢„Ç§„Ç≥„É≥						
1	kirishima.cloud	kirishima.cloud	#fff	#26a	https://wee.jp/2/1.png	18	‰ª£Êõø„Ç¢„Ç§„Ç≥„É≥	https://ja.mstdn.wiki/Kirishima.cloud					
1	sandbox.skoji.jp	sandbox.skoji.jp	#fff	#26a	https://wee.jp/2/1.png	18	‰ª£Êõø„Ç¢„Ç§„Ç≥„É≥						
1	bookwor.ms	bookwor.ms	#fff	#26a	https://wee.jp/2/1.png	18	‰ª£Êõø„Ç¢„Ç§„Ç≥„É≥						
1	www.mstddntfdn.online	www.mstddntfdn.online	#fff	#26a	https://wee.jp/2/1.png	18	‰ª£Êõø„Ç¢„Ç§„Ç≥„É≥						
1	mstdn.imoimo.xyz	mstdn.imoimo.xyz	#fff	#26a	https://wee.jp/2/1.png	18	‰ª£Êõø„Ç¢„Ç§„Ç≥„É≥						
1	mstdn.schoolidol.club	mstdn.schoolidol.club	#fff	#26a	https://wee.jp/2/1.png	18	‰ª£Êõø„Ç¢„Ç§„Ç≥„É≥						
1	homoo.social	homoo.social	#fff	#26a	https://wee.jp/2/1.png	18	‰ª£Êõø„Ç¢„Ç§„Ç≥„É≥						
1	mstdn-jp.site	mstdn-jp.site	#fff	#26a	https://wee.jp/2/1.png	18	‰ª£Êõø„Ç¢„Ç§„Ç≥„É≥						
1	flower.afn.social	flower.afn.social	#fff	#26a	https://wee.jp/2/1.png	18	‰ª£Êõø„Ç¢„Ç§„Ç≥„É≥	https://ja.mstdn.wiki/Flower.afn.social					
1	kancolle.social	kancolle.social	#fff	#26a	https://wee.jp/2/1.png	18	‰ª£Êõø„Ç¢„Ç§„Ç≥„É≥						
1	august-don.site	august-don.site	#fff	#26a	https://wee.jp/2/1.png	18	‰ª£Êõø„Ç¢„Ç§„Ç≥„É≥	https://ja.mstdn.wiki/%E9%9B%AA%E9%A4%85					
1	precure.ml	precure.ml	#fff	#26a	https://wee.jp/2/1.png	18	‰ª£Êõø„Ç¢„Ç§„Ç≥„É≥	https://ja.mstdn.wiki/Precure.ml					
1	blessedgeeks.org	blessedgeeks.org	#fff	#26a	https://wee.jp/2/1.png	18	‰ª£Êõø„Ç¢„Ç§„Ç≥„É≥						
1	kero.ccsakura.jp	kero.ccsakura.jp	#fff	#26a	https://wee.jp/2/1.png	18	‰ª£Êõø„Ç¢„Ç§„Ç≥„É≥	https://ja.mstdn.wiki/Kero.ccsakura.jp					
1	mstdn.hinabita.com	mstdn.hinabita.com	#fff	#26a	https://wee.jp/2/1.png	18	‰ª£Êõø„Ç¢„Ç§„Ç≥„É≥						
1	clonis.xyz	clonis.xyz	#fff	#26a	https://wee.jp/2/1.png	18	‰ª£Êõø„Ç¢„Ç§„Ç≥„É≥						
1	animedon.chao.tokyo	animedon.chao.tokyo	#fff	#26a	https://wee.jp/2/1.png	18	‰ª£Êõø„Ç¢„Ç§„Ç≥„É≥						
1	mochiwasadon.com	mochiwasadon.com	#fff	#26a	https://wee.jp/2/1.png	18	‰ª£Êõø„Ç¢„Ç§„Ç≥„É≥						
1	hexadon.net	hexadon.net	#fff	#26a	https://wee.jp/2/1.png	18	‰ª£Êõø„Ç¢„Ç§„Ç≥„É≥						
1	mastdon.amazedkoumei.com	mastdon.amazedkoumei.com	#fff	#26a	https://wee.jp/2/1.png	18	‰ª£Êõø„Ç¢„Ç§„Ç≥„É≥						
1	mastodon.kitchen	mastodon.kitchen	#fff	#26a	https://wee.jp/2/1.png	18	‰ª£Êõø„Ç¢„Ç§„Ç≥„É≥						
1	kemonodon.club	kemonodon.club	#fff	#26a	https://wee.jp/2/1.png	18	‰ª£Êõø„Ç¢„Ç§„Ç≥„É≥	https://ja.mstdn.wiki/Kemonodon.club					
1	ichiji.social	ichiji.social	#fff	#26a	https://wee.jp/2/1.png	18	‰ª£Êõø„Ç¢„Ç§„Ç≥„É≥	https://ja.mstdn.wiki/Ichiji.social					
1	wasaradan.m.to	wasaradan.m.to	#fff	#26a	https://wee.jp/2/1.png	18	‰ª£Êõø„Ç¢„Ç§„Ç≥„É≥	https://ja.mstdn.wiki/%E3%83%AF%E3%82%B5%E3%83%A9%E3%83%80%E3%83%B3					
1	mstdn-bike.net	mstdn-bike.net	#fff	#26a	https://wee.jp/2/1.png	18	‰ª£Êõø„Ç¢„Ç§„Ç≥„É≥						
1	mstdn.tokyocameraclub.com	mstdn.tokyocameraclub.com	#fff	#26a	https://wee.jp/2/1.png	18	‰ª£Êõø„Ç¢„Ç§„Ç≥„É≥						
1	mental.social	mental.social	#fff	#26a	https://wee.jp/2/1.png	18	‰ª£Êõø„Ç¢„Ç§„Ç≥„É≥						
1	nitiasa.com	nitiasa.com	#fff	#26a	https://wee.jp/2/1.png	18	‰ª£Êõø„Ç¢„Ç§„Ç≥„É≥						
1	nt.mstdon.app	nt.mstdon.app	#fff	#26a	https://wee.jp/2/1.png	18	‰ª£Êõø„Ç¢„Ç§„Ç≥„É≥						
1	mstdn.vtube.media	mstdn.vtube.media	#fff	#26a	https://wee.jp/2/1.png	18	‰ª£Êõø„Ç¢„Ç§„Ç≥„É≥	https://ja.mstdn.wiki/%E3%81%B6%E3%81%84%E3%81%A4%E3%81%B9%E3%81%A9%E3%82%93					
1	plasticmodels.tokyo	plasticmodels.tokyo	#fff	#26a	https://wee.jp/2/1.png	18	‰ª£Êõø„Ç¢„Ç§„Ç≥„É≥						
1	m6n.onsen.tech	m6n.onsen.tech	#fff	#26a	https://wee.jp/2/1.png	18	‰ª£Êõø„Ç¢„Ç§„Ç≥„É≥	https://ja.mstdn.wiki/Mastodon_Onsen					
1	syamutodon.xyz	syamutodon.xyz	#fff	#26a	https://wee.jp/2/1.png	18	‰ª£Êõø„Ç¢„Ç§„Ç≥„É≥	https://ja.mstdn.wiki/Syamutodon.xyz					
1	mstdn.yjsnpi.nu	mstdn.yjsnpi.nu	#fff	#26a	https://wee.jp/2/1.png	18	‰ª£Êõø„Ç¢„Ç§„Ç≥„É≥	https://ja.mstdn.wiki/Mastodon%E6%B7%AB%E5%A4%A2					
1	foresdon.jp	foresdon.jp	#fff	#26a	https://wee.jp/2/1.png	18	‰ª£Êõø„Ç¢„Ç§„Ç≥„É≥	https://ja.mstdn.wiki/Foresdon.jp					
1	mzn-potatochips.me	mzn-potatochips.me	#fff	#26a	https://wee.jp/2/1.png	18	‰ª£Êõø„Ç¢„Ç§„Ç≥„É≥						
1	steam-don.fun	steam-don.fun	#fff	#26a	https://wee.jp/2/1.png	18	‰ª£Êõø„Ç¢„Ç§„Ç≥„É≥						
1	mastodol.jp	mastodol.jp	#fff	#26a	https://wee.jp/2/1.png	18	‰ª£Êõø„Ç¢„Ç§„Ç≥„É≥						
1	mstdn.futaba-works.com	mstdn.futaba-works.com	#fff	#26a	https://wee.jp/2/1.png	18	‰ª£Êõø„Ç¢„Ç§„Ç≥„É≥						
1	mstdn.cosplayer.com	mstdn.cosplayer.com	#fff	#26a	https://wee.jp/2/1.png	18	‰ª£Êõø„Ç¢„Ç§„Ç≥„É≥						
1	mstdn.moe-max.jp	mstdn.moe-max.jp	#fff	#26a	https://wee.jp/2/1.png	18	‰ª£Êõø„Ç¢„Ç§„Ç≥„É≥						
1	„Éû„Çπ„Éà„Éâ„É≥.jp	xn--zck4ad5f2e.jp	#fff	#26a	https://wee.jp/2/1.png	18	‰ª£Êõø„Ç¢„Ç§„Ç≥„É≥	https://ja.mstdn.wiki/%E3%83%9E%E3%82%B9%E3%83%88%E3%83%89%E3%83%B3.jp					
1	ef67.myhome.cx	ef67.myhome.cx	#fff	#26a	https://wee.jp/2/1.png	18	‰ª£Êõø„Ç¢„Ç§„Ç≥„É≥						
1	mstdn.binfish.jp	mstdn.binfish.jp	#fff	#26a	https://wee.jp/2/1.png	18	‰ª£Êõø„Ç¢„Ç§„Ç≥„É≥						
1	justodon.net	justodon.net	#fff	#26a	https://wee.jp/2/1.png	18	‰ª£Êõø„Ç¢„Ç§„Ç≥„É≥						
1	mastodon.noraworld.jp	mastodon.noraworld.jp	#fff	#26a	https://wee.jp/2/1.png	18	‰ª£Êõø„Ç¢„Ç§„Ç≥„É≥						
1	mstdn.cosnomi.com	mstdn.cosnomi.com	#fff	#26a	https://wee.jp/2/1.png	18	‰ª£Êõø„Ç¢„Ç§„Ç≥„É≥						
1	mimumedon.com	mimumedon.com	#fff	#26a	https://wee.jp/2/1.png	18	‰ª£Êõø„Ç¢„Ç§„Ç≥„É≥						
1	mstdn.ht164.jp	mstdn.ht164.jp	#fff	#26a	https://wee.jp/2/1.png	18	‰ª£Êõø„Ç¢„Ç§„Ç≥„É≥						
1	naokisz.tk	naokisz.tk	#fff	#26a	https://wee.jp/2/1.png	18	‰ª£Êõø„Ç¢„Ç§„Ç≥„É≥						
1	z-flag.work	z-flag.work	#fff	#26a	https://wee.jp/2/1.png	18	‰ª£Êõø„Ç¢„Ç§„Ç≥„É≥						
1	catdon.life	catdon.life	#fff	#26a	https://wee.jp/2/1.png	18	‰ª£Êõø„Ç¢„Ç§„Ç≥„É≥						
1	foodon.jp	foodon.jp	#fff	#26a	https://wee.jp/2/1.png	18	‰ª£Êõø„Ç¢„Ç§„Ç≥„É≥						
1	+Plustodon	plustodon.net	#fff	#db4437	https://wee.jp/o/plustodon.png	17	ÁÆ°ÁêÜËÄÖÊèêÂá∫(PDÂÆ£Ë®Ä)		https://plustodon.net/@akyoz/101237916976159149	https://archive.fo/m90Tn	https://archive.fo/m90Tn		
1	7144.party	7144.party	#fff	#26a	https://wee.jp/2/1.png	18	‰ª£Êõø„Ç¢„Ç§„Ç≥„É≥						
1	mastodon.diglateam3.com	mastodon.diglateam3.com	#fff	#26a	https://wee.jp/2/1.png	18	‰ª£Êõø„Ç¢„Ç§„Ç≥„É≥						
1	Netherdon	netherdon.nyadobe.online	#fff	#dc632c	https://wee.jp/2/1.png	18	‰ª£Êõø„Ç¢„Ç§„Ç≥„É≥		https://netherdon.nyadobe.online/@nyadobe/101068032885367348				
1	maho.app	maho.app	#fff	#26a	https://wee.jp/2/1.png	18	‰ª£Êõø„Ç¢„Ç§„Ç≥„É≥						
1	backyard.cloud	backyard.cloud	#fff	#26a	https://wee.jp/2/1.png	18	‰ª£Êõø„Ç¢„Ç§„Ç≥„É≥						
1	hearthtodon.com	hearthtodon.com	#fff	#26a	https://wee.jp/2/1.png	18	‰ª£Êõø„Ç¢„Ç§„Ç≥„É≥	https://ja.mstdn.wiki/Hearthtodon					
1	hakorena.net	hakorena.net	#fff	#26a	https://wee.jp/2/1.png	18	‰ª£Êõø„Ç¢„Ç§„Ç≥„É≥						
1	mstdn.toyoko.in	mstdn.toyoko.in	#fff	#26a	https://wee.jp/2/1.png	18	‰ª£Êõø„Ç¢„Ç§„Ç≥„É≥						
1	mstdn.square-rooty.org	mstdn.square-rooty.org	#fff	#26a	https://wee.jp/2/1.png	18	‰ª£Êõø„Ç¢„Ç§„Ç≥„É≥						
1	artritelacy.jp	artritelacy.jp	#fff	#26a	https://wee.jp/2/1.png	18	‰ª£Êõø„Ç¢„Ç§„Ç≥„É≥						
1	ika.queloud.net	ika.queloud.net	#fff	#26a	https://wee.jp/2/1.png	18	‰ª£Êõø„Ç¢„Ç§„Ç≥„É≥						
1	eletusk.club	eletusk.club	#fff	#26a	https://wee.jp/2/1.png	18	‰ª£Êõø„Ç¢„Ç§„Ç≥„É≥						
1	manhole.club	manhole.club	#fff	#26a	https://wee.jp/2/1.png	18	‰ª£Êõø„Ç¢„Ç§„Ç≥„É≥						
1	heislandmine.work	heislandmine.work	#fff	#26a	https://wee.jp/2/1.png	18	‰ª£Êõø„Ç¢„Ç§„Ç≥„É≥		https://heislandmine.work/@Heislandmine/101233329520993598				
1	mstdn.sasachi.tokyo	mstdn.sasachi.tokyo	#fff	#26a	https://wee.jp/2/1.png	18	‰ª£Êõø„Ç¢„Ç§„Ç≥„É≥						
1	mstdn.ropo.jp	mstdn.ropo.jp	#fff	#26a	https://wee.jp/2/1.png	18	‰ª£Êõø„Ç¢„Ç§„Ç≥„É≥						
1	ykzts.technology	ykzts.technology	#fff	#26a	https://wee.jp/2/1.png	18	‰ª£Êõø„Ç¢„Ç§„Ç≥„É≥						
1	kiritan.work	kiritan.work	#fff	#26a	https://wee.jp/2/1.png	18	‰ª£Êõø„Ç¢„Ç§„Ç≥„É≥	https://ja.mstdn.wiki/Kiritan.work					
1	kemoshi.co	kemoshi.co	#fff	#26a	https://wee.jp/2/1.png	18	‰ª£Êõø„Ç¢„Ç§„Ç≥„É≥	https://ja.mstdn.wiki/Kemoshi.co					
1	mastodon.bitbank.cc	mastodon.bitbank.cc	#fff	#26a	https://wee.jp/2/1.png	18	‰ª£Êõø„Ç¢„Ç§„Ç≥„É≥	https://ja.mstdn.wiki/Mastodon.bitbank.cc					
1	mstdn.camera	mstdn.camera	#fff	#26a	https://wee.jp/2/1.png	18	‰ª£Êõø„Ç¢„Ç§„Ç≥„É≥	https://ja.mstdn.wiki/Mstdn.Camera					
1	danshudon.jp	danshudon.jp	#fff	#26a	https://wee.jp/2/1.png	18	‰ª£Êõø„Ç¢„Ç§„Ç≥„É≥	https://ja.mstdn.wiki/Danshudon.jp					
1	googoldon.net	googoldon.net	#fff	#26a	https://wee.jp/2/1.png	18	‰ª£Êõø„Ç¢„Ç§„Ç≥„É≥	https://ja.mstdn.wiki/Googoldon					
1	weep.me	weep.me	#fff	#26a	https://wee.jp/2/1.png	18	‰ª£Êõø„Ç¢„Ç§„Ç≥„É≥		https://weep.me/@weep/101030699173187260				
1	unnerv.jp	unnerv.jp	#fff	#e12	https://wee.jp/2/1.png	18	‰ª£Êõø„Ç¢„Ç§„Ç≥„É≥	https://ja.mstdn.wiki/Unnerv.jp					
1	mstdn.nil.nu	mstdn.nil.nu	#fff	#26a	https://wee.jp/2/1.png	18	‰ª£Êõø„Ç¢„Ç§„Ç≥„É≥	https://ja.mstdn.wiki/Mastodon.nil.nu					
1	mstdn.misosi.ru	mstdn.misosi.ru	#fff	#26a	https://wee.jp/2/1.png	18	‰ª£Êõø„Ç¢„Ç§„Ç≥„É≥						
1	don.8mitsu.net	don.8mitsu.net	#fff	#26a	https://wee.jp/2/1.png	18	‰ª£Êõø„Ç¢„Ç§„Ç≥„É≥						
1	mstdn.b-shock.org	mstdn.b-shock.org	#fff	#26a	https://wee.jp/2/1.png	18	‰ª£Êõø„Ç¢„Ç§„Ç≥„É≥						
1	ma.fono.jp	ma.fono.jp	#fff	#26a	https://wee.jp/2/1.png	18	‰ª£Êõø„Ç¢„Ç§„Ç≥„É≥						
1	comm.cx	comm.cx	#fff	#26a	https://wee.jp/2/1.png	18	‰ª£Êõø„Ç¢„Ç§„Ç≥„É≥						
1	shimaidon.net	shimaidon.net	#fff	#26a	https://wee.jp/2/1.png	18	‰ª£Êõø„Ç¢„Ç§„Ç≥„É≥						
1	terusid.com	terusid.com	#fff	#26a	https://wee.jp/2/1.png	18	‰ª£Êõø„Ç¢„Ç§„Ç≥„É≥						
1	svrdn.drillion.net	svrdn.drillion.net	#fff	#26a	https://wee.jp/2/1.png	18	‰ª£Êõø„Ç¢„Ç§„Ç≥„É≥						
1	pekepeke.work	pekepeke.work	#fff	#26a	https://wee.jp/2/1.png	18	‰ª£Êõø„Ç¢„Ç§„Ç≥„É≥						
1	popon.pptdn.jp	popon.pptdn.jp	#fff	#fb5	https://wee.jp/2/1.png	18	‰ª£Êõø„Ç¢„Ç§„Ç≥„É≥		https://popon.pptdn.jp/@popn_ja/101165403426828050		https://archive.fo/mxgsH		
1	edge4cube.work	social.edge4cube.work	#fff	#26a	https://wee.jp/2/1.png	18	‰ª£Êõø„Ç¢„Ç§„Ç≥„É≥		https://social.edge4cube.work/@popn_ja/101170111975395733		https://archive.fo/CMDLO		
1	waraiotoko.net	waraiotoko.net	#fff	#26a	https://wee.jp/2/1.png	18	‰ª£Êõø„Ç¢„Ç§„Ç≥„É≥						
1	mstdn.boxp.tk	mstdn.boxp.tk	#fff	#26a	https://wee.jp/2/1.png	18	‰ª£Êõø„Ç¢„Ç§„Ç≥„É≥						
1	gamecluster.net	gamecluster.net	#fff	#26a	https://wee.jp/2/1.png	18	‰ª£Êõø„Ç¢„Ç§„Ç≥„É≥						
1	fetishdon.tk	fetishdon.tk	#fff	#26a	https://wee.jp/2/1.png	18	‰ª£Êõø„Ç¢„Ç§„Ç≥„É≥						
1	doll.social	doll.social	#fff	#26a	https://wee.jp/o/doll.png	17	‰æùÈ†ºËÄÖ:tateisuÊ∞è(Á¥†Êùê:„ÅÑ„Çâ„Åô„Å®„ÇÑ)			https://www.irasutoya.com/2012/12/blog-post_653.html	https://discordapp.com/channels/480731529073524736/519416040283701252/521146166172188673		
1	mastodoll.net	mastodoll.net	#fff	#26a	https://wee.jp/o/doll.png	17	‰æùÈ†ºËÄÖ:tateisuÊ∞è(Á¥†Êùê:„ÅÑ„Çâ„Åô„Å®„ÇÑ)			https://www.irasutoya.com/2012/12/blog-post_653.html	https://discordapp.com/channels/480731529073524736/519416040283701252/521146166172188673		
1	hack.syscaller.jp	hack.syscaller.jp	#fff	#26a	https://wee.jp/2/1.png	18	‰ª£Êõø„Ç¢„Ç§„Ç≥„É≥						
1	mstdn.dgm.pw	mstdn.dgm.pw	#fff	#26a	https://wee.jp/2/1.png	18	‰ª£Êõø„Ç¢„Ç§„Ç≥„É≥						
1	gochisou.photo	gochisou.photo	#fff	#26a	https://wee.jp/2/1.png	18	‰ª£Êõø„Ç¢„Ç§„Ç≥„É≥						
1	mstdn.ijs01140.com	mstdn.ijs01140.com	#fff	#26a	https://wee.jp/2/1.png	18	‰ª£Êõø„Ç¢„Ç§„Ç≥„É≥						
1	toot.loner.jp	toot.loner.jp	#fff	#26a	https://wee.jp/2/1.png	18	‰ª£Êõø„Ç¢„Ç§„Ç≥„É≥						
1	m.upsilo.net	m.upsilo.net	#fff	#26a	https://wee.jp/2/1.png	18	‰ª£Êõø„Ç¢„Ç§„Ç≥„É≥						
1	mikado-city.jp	mikado-city.jp	#fff	#26a	https://wee.jp/2/1.png	18	‰ª£Êõø„Ç¢„Ç§„Ç≥„É≥						
1	mstdn-amadeus.tech	mstdn-amadeus.tech	#fff	#26a	https://wee.jp/2/1.png	18	‰ª£Êõø„Ç¢„Ç§„Ç≥„É≥						
1	akanechan.love	akanechan.love	#fff	#26a	https://wee.jp/2/1.png	18	‰ª£Êõø„Ç¢„Ç§„Ç≥„É≥						
1	mstdn.plusminus.io	mstdn.plusminus.io	#fff	#26a	https://wee.jp/2/1.png	18	‰ª£Êõø„Ç¢„Ç§„Ç≥„É≥						
1	machida.yokohama	machida.yokohama	#fff	#26a	https://wee.jp/2/1.png	18	‰ª£Êõø„Ç¢„Ç§„Ç≥„É≥						
1	djanzu.tokyo	djanzu.tokyo	#fff	#26a	https://wee.jp/2/1.png	18	‰ª£Êõø„Ç¢„Ç§„Ç≥„É≥						
1	stellaria.network	stellaria.network	#fff	#26a	https://wee.jp/2/1.png	18	‰ª£Êõø„Ç¢„Ç§„Ç≥„É≥						
1	m.aqr.af „Åæ„Åè„Çâ„Åµ‰∏º	m.aqr.af	#fff	#00947a	https://wee.jp/2/1.png	18	‰ª£Êõø„Ç¢„Ç§„Ç≥„É≥				https://archive.fo/jl5Dt		
1	twitchain.net	twitchain.net	#fff	#26a	https://wee.jp/2/1.png	18	‰ª£Êõø„Ç¢„Ç§„Ç≥„É≥						
1	cute2d.xyz	cute2d.xyz	#fff	#26a	https://wee.jp/2/1.png	18	‰ª£Êõø„Ç¢„Ç§„Ç≥„É≥						
1	tokotodon.m.to	tokotodon.m.to	#fff	#26a	https://wee.jp/2/1.png	18	‰ª£Êõø„Ç¢„Ç§„Ç≥„É≥						
1	mastodon.tackman.info	mastodon.tackman.info	#fff	#26a	https://wee.jp/2/1.png	18	‰ª£Êõø„Ç¢„Ç§„Ç≥„É≥						
1	ap.kitahina.co	ap.kitahina.co	#fff	#26a	https://wee.jp/2/1.png	18	‰ª£Êõø„Ç¢„Ç§„Ç≥„É≥						
1	don.thinaticsystem.com	don.thinaticsystem.com	#fff	#26a	https://wee.jp/2/1.png	18	‰ª£Êõø„Ç¢„Ç§„Ç≥„É≥						
1	ap.kitahina.co	ap.kitahina.co	#fff	#26a	https://wee.jp/2/1.png	18	‰ª£Êõø„Ç¢„Ç§„Ç≥„É≥						
1	wlw.pw	wlw.pw	#fff	#26a	https://wee.jp/2/1.png	18	‰ª£Êõø„Ç¢„Ç§„Ç≥„É≥						
1	mstdn.ryecroft21.net	mstdn.ryecroft21.net	#fff	#26a	https://wee.jp/2/1.png	18	‰ª£Êõø„Ç¢„Ç§„Ç≥„É≥						
1	dotdon.jp	dotdon.jp	#fff	#26a	https://wee.jp/2/1.png	18	‰ª£Êõø„Ç¢„Ç§„Ç≥„É≥						
1	vapers.jp	vapers.jp	#fff	#26a	https://wee.jp/2/1.png	18	‰ª£Êõø„Ç¢„Ç§„Ç≥„É≥						
1	gorone-xyz.noellabo.jp	gorone-xyz.noellabo.jp	#fff	#26a	https://wee.jp/2/1.png	18	‰ª£Êõø„Ç¢„Ç§„Ç≥„É≥						
1	mstdn.ponseta.ga	mstdn.ponseta.ga	#fff	#26a	https://wee.jp/2/1.png	18	‰ª£Êõø„Ç¢„Ç§„Ç≥„É≥						
1	„ÅØ„Åì„Åæ„ÅôÔºÅ	hakomas.cf	#000	#9fd	https://wee.jp/o/hakomas.png	17	ÁÆ°ÁêÜËÄÖÊèêÂá∫			https://archive.fo/xVAZ4	https://archive.fo/xVAZ4		
1	pomdon.top	pomdon.top	#fff	#26a	https://wee.jp/2/1.png	18	‰ª£Êõø„Ç¢„Ç§„Ç≥„É≥						
1	9177xe.tokyo	9177xe.tokyo	#fff	#26a	https://wee.jp/2/1.png	18	‰ª£Êõø„Ç¢„Ç§„Ç≥„É≥						
1	mstdn.tamag.org	mstdn.tamag.org	#fff	#26a	https://wee.jp/2/1.png	18	‰ª£Êõø„Ç¢„Ç§„Ç≥„É≥						
1	md.objektiv2.net	md.objektiv2.net	#fff	#26a	https://wee.jp/2/1.png	18	‰ª£Êõø„Ç¢„Ç§„Ç≥„É≥						
1	mstdn.toad-in-the-hole.net	mstdn.toad-in-the-hole.net	#fff	#26a	https://wee.jp/2/1.png	18	‰ª£Êõø„Ç¢„Ç§„Ç≥„É≥						
1	mn.kitetu.com	mn.kitetu.com	#fff	#26a	https://wee.jp/2/1.png	18	‰ª£Êõø„Ç¢„Ç§„Ç≥„É≥						
1	nshl.xyz	nshl.xyz	#fff	#26a	https://wee.jp/2/1.png	18	‰ª£Êõø„Ç¢„Ç§„Ç≥„É≥						
1	mstdn.mikura.cloud	mstdn.mikura.cloud	#fff	#26a	https://wee.jp/2/1.png	18	‰ª£Êõø„Ç¢„Ç§„Ç≥„É≥						
1	tooting.ai	tooting.ai	#fff	#26a	https://wee.jp/2/1.png	18	‰ª£Êõø„Ç¢„Ç§„Ç≥„É≥						
1	syosetu.social	syosetu.social	#fff	#26a	https://wee.jp/2/1.png	18	‰ª£Êõø„Ç¢„Ç§„Ç≥„É≥						
1	garakuta.online	garakuta.online	#fff	#26a	https://wee.jp/2/1.png	18	‰ª£Êõø„Ç¢„Ç§„Ç≥„É≥						
1	mastodon.yamaken.jp	mastodon.yamaken.jp	#fff	#26a	https://wee.jp/2/1.png	18	‰ª£Êõø„Ç¢„Ç§„Ç≥„É≥						
1	sin.tyaku.com	sin.tyaku.com	#fff	#26a	https://wee.jp/2/1.png	18	‰ª£Êõø„Ç¢„Ç§„Ç≥„É≥						
1	orenoshiro.site	orenoshiro.site	#fff	#26a	https://wee.jp/2/1.png	18	‰ª£Êõø„Ç¢„Ç§„Ç≥„É≥						
2	mastodon.social	mastodon.social	#fff	#46a	https://wee.jp/2/2.png	18	‰ª£Êõø„Ç¢„Ç§„Ç≥„É≥	https://ja.mstdn.wiki/Mastodon.social					
2	mastodon.xyz	mastodon.xyz	#fff	#46a	https://wee.jp/2/2.png	18	‰ª£Êõø„Ç¢„Ç§„Ç≥„É≥	https://ja.mstdn.wiki/Mastodon.xyz					
2	mastodon.cloud	mastodon.cloud	#fff	#46a	https://wee.jp/2/2.png	18	‰ª£Êõø„Ç¢„Ç§„Ç≥„É≥	https://ja.mstdn.wiki/Mastodon.cloud					
2	mastodon.host	mastodon.host	#fff	#46a	https://wee.jp/2/2.png	18	‰ª£Êõø„Ç¢„Ç§„Ç≥„É≥	https://ja.mstdn.wiki/Mastodon.host					
2	mastodon.art	mastodon.art	#fff	#46a	https://wee.jp/2/2.png	18	‰ª£Êõø„Ç¢„Ç§„Ç≥„É≥	https://ja.mstdn.wiki/Mastodon.ART					
2	mastodon.club	mastodon.club	#fff	#46a	https://wee.jp/2/2.png	18	‰ª£Êõø„Ç¢„Ç§„Ç≥„É≥						
2	mastodon.at	mastodon.at	#fff	#46a	https://wee.jp/2/2.png	18	‰ª£Êõø„Ç¢„Ç§„Ç≥„É≥						
2	mastodon.technology	mastodon.technology	#fff	#46a	https://wee.jp/2/2.png	18	‰ª£Êõø„Ç¢„Ç§„Ç≥„É≥						
2	quey.org	quey.org	#fff	#46a	https://wee.jp/2/2.png	18	‰ª£Êõø„Ç¢„Ç§„Ç≥„É≥						
2	humblr.social	humblr.social	#fff	#46a	https://wee.jp/2/2.png	18	‰ª£Êõø„Ç¢„Ç§„Ç≥„É≥						
2	masto.pt	masto.pt	#fff	#46a	https://wee.jp/2/2.png	18	‰ª£Êõø„Ç¢„Ç§„Ç≥„É≥	https://ja.mstdn.wiki/Masto.pt					
2	niu.moe	niu.moe	#fff	#46a	https://wee.jp/2/2.png	18	‰ª£Êõø„Ç¢„Ç§„Ç≥„É≥	https://ja.mstdn.wiki/Niu.moe					
2	mstdn.io	mstdn.io	#fff	#46a	https://wee.jp/2/2.png	18	‰ª£Êõø„Ç¢„Ç§„Ç≥„É≥	https://ja.mstdn.wiki/Mstdn.io					
2	octodon.social	octodon.social	#fff	#46a	https://wee.jp/2/2.png	18	‰ª£Êõø„Ç¢„Ç§„Ç≥„É≥	https://ja.mstdn.wiki/Mastodon_Instances_(octodon.social)					
2	cybre.space	cybre.space	#fff	#46a	https://wee.jp/2/2.png	18	‰ª£Êõø„Ç¢„Ç§„Ç≥„É≥						
2	mamot.fr	mamot.fr	#fff	#46a	https://wee.jp/2/2.png	18	‰ª£Êõø„Ç¢„Ç§„Ç≥„É≥	https://ja.mstdn.wiki/Mastory					
2	kirakiratter.com	kirakiratter.com	#fff	#46a	https://wee.jp/2/2.png	18	‰ª£Êõø„Ç¢„Ç§„Ç≥„É≥	https://ja.mstdn.wiki/Kirakiratter.com					
2	switter.at	switter.at	#fff	#46a	https://wee.jp/2/2.png	18	‰ª£Êõø„Ç¢„Ç§„Ç≥„É≥	https://ja.mstdn.wiki/Switter.at					
2	glitch.social	glitch.social	#fff	#46a	https://wee.jp/2/2.png	18	‰ª£Êõø„Ç¢„Ç§„Ç≥„É≥	https://ja.mstdn.wiki/Glitch.social					
2	ephemeral.glitch.social	ephemeral.glitch.social	#fff	#46a	https://wee.jp/2/2.png	18	‰ª£Êõø„Ç¢„Ç§„Ç≥„É≥	https://ja.mstdn.wiki/Ephemeral.glitch.social					
2	Twingyeo (Ìä∏ÏûâÏó¨)	twingyeo.kr	#fff	#46a	https://wee.jp/2/2.png	18	‰ª£Êõø„Ç¢„Ç§„Ç≥„É≥	https://ja.mstdn.wiki/Twingyeo.kr					
2	occult.camp	occult.camp	#fff	#46a	https://wee.jp/2/2.png	18	‰ª£Êõø„Ç¢„Ç§„Ç≥„É≥						
2	awooo.club	awooo.club	#fff	#46a	https://wee.jp/2/2.png	18	‰ª£Êõø„Ç¢„Ç§„Ç≥„É≥						
2	shelter.moe	shelter.moe	#fff	#46a	https://wee.jp/2/2.png	18	‰ª£Êõø„Ç¢„Ç§„Ç≥„É≥						
2	framapiaf.org	framapiaf.org	#fff	#46a	https://wee.jp/2/2.png	18	‰ª£Êõø„Ç¢„Ç§„Ç≥„É≥	https://ja.mstdn.wiki/Framapiaf.org					
2	diaspodon.fr	diaspodon.fr	#fff	#46a	https://wee.jp/2/2.png	18	‰ª£Êõø„Ç¢„Ç§„Ç≥„É≥						
2	queer.town	queer.town	#fff	#46a	https://wee.jp/2/2.png	18	‰ª£Êõø„Ç¢„Ç§„Ç≥„É≥						
2	witchcraft.cafe	witchcraft.cafe	#fff	#46a	https://wee.jp/2/2.png	18	‰ª£Êõø„Ç¢„Ç§„Ç≥„É≥						
2	eldritch.cafe	eldritch.cafe	#fff	#46a	https://wee.jp/2/2.png	18	‰ª£Êõø„Ç¢„Ç§„Ç≥„É≥						
2	radical.town	radical.town	#fff	#46a	https://wee.jp/2/2.png	18	‰ª£Êõø„Ç¢„Ç§„Ç≥„É≥						
2	jorts.horse	jorts.horse	#fff	#46a	https://wee.jp/2/2.png	18	‰ª£Êõø„Ç¢„Ç§„Ç≥„É≥						
2	sunbeam.city	sunbeam.city	#fff	#46a	https://wee.jp/2/2.png	18	‰ª£Êõø„Ç¢„Ç§„Ç≥„É≥						
2	hostux.social	hostux.social	#fff	#46a	https://wee.jp/2/2.png	18	‰ª£Êõø„Ç¢„Ç§„Ç≥„É≥						
2	chaos.social	chaos.social	#fff	#46a	https://wee.jp/2/2.png	18	‰ª£Êõø„Ç¢„Ç§„Ç≥„É≥						
2	ÈïøÊØõË±°‰∏≠ÊñáÁ´ô	cmx.im	#fff	#46a	https://wee.jp/2/2.png	18	‰ª£Êõø„Ç¢„Ç§„Ç≥„É≥	https://ja.mstdn.wiki/Cmx.im					
2	qoto.org	qoto.org	#fff	#46a	https://wee.jp/2/2.png	18	‰ª£Êõø„Ç¢„Ç§„Ç≥„É≥						
2	guillotines.masto.host	guillotines.masto.host	#fff	#46a	https://wee.jp/2/2.png	18	‰ª£Êõø„Ç¢„Ç§„Ç≥„É≥						
2	todon.nl	todon.nl	#fff	#46a	https://wee.jp/2/2.png	18	‰ª£Êõø„Ç¢„Ç§„Ç≥„É≥						
2	toot.cat	toot.cat	#fff	#46a	https://wee.jp/2/2.png	18	‰ª£Êõø„Ç¢„Ç§„Ç≥„É≥						
2	fosstodon.org	fosstodon.org	#fff	#46a	https://wee.jp/2/2.png	18	‰ª£Êõø„Ç¢„Ç§„Ç≥„É≥						
2	wandering.shop	wandering.shop	#fff	#46a	https://wee.jp/2/2.png	18	‰ª£Êõø„Ç¢„Ç§„Ç≥„É≥						
2	mastodon.sdf.org	mastodon.sdf.org	#fff	#46a	https://wee.jp/2/2.png	18	‰ª£Êõø„Ç¢„Ç§„Ç≥„É≥						
2	icosahedron.website	icosahedron.website	#fff	#46a	https://wee.jp/2/2.png	18	‰ª£Êõø„Ç¢„Ç§„Ç≥„É≥						
2	soc.ialis.me	soc.ialis.me	#fff	#46a	https://wee.jp/2/2.png	18	‰ª£Êõø„Ç¢„Ç§„Ç≥„É≥						
2	cryptids.online	cryptids.online	#fff	#46a	https://wee.jp/2/2.png	18	‰ª£Êõø„Ç¢„Ç§„Ç≥„É≥						
2	(ÔΩÄ„Éªœâ„Éª¬¥) ÂòüÂòüÂôú	wxw.moe	#fff	#46a	https://wee.jp/2/2.png	18	‰ª£Êõø„Ç¢„Ç§„Ç≥„É≥	https://ja.mstdn.wiki/Wxw.moe					
2	toot.cafe	toot.cafe	#fff	#46a	https://wee.jp/2/2.png	18	‰ª£Êõø„Ç¢„Ç§„Ç≥„É≥						
2	mastodon.tetaneutral.net	mastodon.tetaneutral.net	#fff	#46a	https://wee.jp/2/2.png	18	‰ª£Êõø„Ç¢„Ç§„Ç≥„É≥						
2	social.taker.fr	social.taker.fr	#fff	#46a	https://wee.jp/2/2.png	18	‰ª£Êõø„Ç¢„Ç§„Ç≥„É≥						
2	elekk.xyz	elekk.xyz	#fff	#46a	https://wee.jp/2/2.png	18	‰ª£Êõø„Ç¢„Ç§„Ç≥„É≥						
2	yiff.life	yiff.life	#fff	#46a	https://wee.jp/2/2.png	18	‰ª£Êõø„Ç¢„Ç§„Ç≥„É≥						
2	playvicious.social	playvicious.social	#fff	#46a	https://wee.jp/2/2.png	18	‰ª£Êõø„Ç¢„Ç§„Ç≥„É≥						
2	twinja.club	twinja.club	#fff	#46a	https://wee.jp/2/2.png	18	‰ª£Êõø„Ç¢„Ç§„Ç≥„É≥						
2	4eva.online	4eva.online	#fff	#46a	https://wee.jp/2/2.png	18	‰ª£Êõø„Ç¢„Ç§„Ç≥„É≥						
2	shelter.moe	shelter.moe	#fff	#46a	https://wee.jp/2/2.png	18	‰ª£Êõø„Ç¢„Ç§„Ç≥„É≥						
2	aus.social	aus.social	#fff	#46a	https://wee.jp/2/2.png	18	‰ª£Êõø„Ç¢„Ç§„Ç≥„É≥						
2	social.coop	social.coop	#fff	#46a	https://wee.jp/2/2.png	18	‰ª£Êõø„Ç¢„Ç§„Ç≥„É≥						
2	chitter.xyz	chitter.xyz	#fff	#46a	https://wee.jp/2/2.png	18	‰ª£Êõø„Ç¢„Ç§„Ç≥„É≥						
2	mastodon.ketchupma.io	mastodon.ketchupma.io	#fff	#46a	https://wee.jp/2/2.png	18	‰ª£Êõø„Ç¢„Ç§„Ç≥„É≥						
2	gensokyo.social	gensokyo.social	#fff	#46a	https://wee.jp/2/2.png	18	‰ª£Êõø„Ç¢„Ç§„Ç≥„É≥						
2	chat.cdstm.ch	chat.cdstm.ch	#fff	#46a	https://wee.jp/2/2.png	18	‰ª£Êõø„Ç¢„Ç§„Ç≥„É≥						
2	kosmos.social	kosmos.social	#fff	#46a	https://wee.jp/2/2.png	18	‰ª£Êõø„Ç¢„Ç§„Ç≥„É≥						
2	whomst.dog	whomst.dog	#fff	#46a	https://wee.jp/2/2.png	18	‰ª£Êõø„Ç¢„Ç§„Ç≥„É≥						
2	toot.la	toot.la	#fff	#46a	https://wee.jp/2/2.png	18	‰ª£Êõø„Ç¢„Ç§„Ç≥„É≥						
2	qaf.men	qaf.men	#fff	#46a	https://wee.jp/2/2.png	18	‰ª£Êõø„Ç¢„Ç§„Ç≥„É≥						
2	innerwebs.social	innerwebs.social	#fff	#46a	https://wee.jp/2/2.png	18	‰ª£Êõø„Ç¢„Ç§„Ç≥„É≥						
2	pony.social	pony.social	#fff	#46a	https://wee.jp/2/2.png	18	‰ª£Êõø„Ç¢„Ç§„Ç≥„É≥						
2	snouts.online	snouts.online	#fff	#46a	https://wee.jp/2/2.png	18	‰ª£Êõø„Ç¢„Ç§„Ç≥„É≥						
2	appdot.net	appdot.net	#fff	#46a	https://wee.jp/2/2.png	18	‰ª£Êõø„Ç¢„Ç§„Ç≥„É≥						
2	mast.eu.org	mast.eu.org	#fff	#46a	https://wee.jp/2/2.png	18	‰ª£Êõø„Ç¢„Ç§„Ç≥„É≥						
2	queer.party	queer.party	#fff	#46a	https://wee.jp/2/2.png	18	‰ª£Êõø„Ç¢„Ç§„Ç≥„É≥						
2	mao.daizhige.org	mao.daizhige.org	#fff	#46a	https://wee.jp/2/2.png	18	‰ª£Êõø„Ç¢„Ç§„Ç≥„É≥	https://ja.mstdn.wiki/Mao.daizhige.org					
2	the.goofs.space	the.goofs.space	#fff	#46a	https://wee.jp/2/2.png	18	‰ª£Êõø„Ç¢„Ç§„Ç≥„É≥						
2	witches.live	witches.live	#fff	#46a	https://wee.jp/2/2.png	18	‰ª£Êõø„Ç¢„Ç§„Ç≥„É≥						
2	social.targaryen.house	social.targaryen.house	#fff	#46a	https://wee.jp/2/2.png	18	‰ª£Êõø„Ç¢„Ç§„Ç≥„É≥						
2	social.homunyan.com	social.homunyan.com	#fff	#46a	https://wee.jp/2/2.png	18	‰ª£Êõø„Ç¢„Ç§„Ç≥„É≥						
2	toot.chat	toot.chat	#fff	#46a	https://wee.jp/2/2.png	18	‰ª£Êõø„Ç¢„Ç§„Ç≥„É≥						
2	uwu.social	uwu.social	#fff	#46a	https://wee.jp/2/2.png	18	‰ª£Êõø„Ç¢„Ç§„Ç≥„É≥						
2	donphan.social	donphan.social	#fff	#46a	https://wee.jp/2/2.png	18	‰ª£Êõø„Ç¢„Ç§„Ç≥„É≥						
2	mastd.racing	mastd.racing	#fff	#46a	https://wee.jp/2/2.png	18	‰ª£Êõø„Ç¢„Ç§„Ç≥„É≥						
2	die-partei.social	die-partei.social	#fff	#46a	https://wee.jp/2/2.png	18	‰ª£Êõø„Ç¢„Ç§„Ç≥„É≥						
2	en.osm.town	en.osm.town	#fff	#46a	https://wee.jp/2/2.png	18	‰ª£Êõø„Ç¢„Ç§„Ç≥„É≥						
2	noagendasocial.com	noagendasocial.com	#fff	#46a	https://wee.jp/2/2.png	18	‰ª£Êõø„Ç¢„Ç§„Ç≥„É≥						
2	nulled.red	nulled.red	#fff	#46a	https://wee.jp/2/2.png	18	‰ª£Êõø„Ç¢„Ç§„Ç≥„É≥						
2	toot-lab.reclaim.technology	toot-lab.reclaim.technology	#fff	#46a	https://wee.jp/2/2.png	18	‰ª£Êõø„Ç¢„Ç§„Ç≥„É≥						
2	kitty.town	kitty.town	#fff	#46a	https://wee.jp/2/2.png	18	‰ª£Êõø„Ç¢„Ç§„Ç≥„É≥						
2	social.wxcafe.net	social.wxcafe.net	#fff	#46a	https://wee.jp/2/2.png	18	‰ª£Êõø„Ç¢„Ç§„Ç≥„É≥						
2	infosec.exchange	infosec.exchange	#fff	#46a	https://wee.jp/2/2.png	18	‰ª£Êõø„Ç¢„Ç§„Ç≥„É≥						
2	computerfairi.es	computerfairi.es	#fff	#46a	https://wee.jp/2/2.png	18	‰ª£Êõø„Ç¢„Ç§„Ç≥„É≥						
2	social.imirhil.fr	social.imirhil.fr	#fff	#46a	https://wee.jp/2/2.png	18	‰ª£Êõø„Ç¢„Ç§„Ç≥„É≥						
2	birdsite.link	birdsite.link	#fff	#46a	https://wee.jp/2/2.png	18	‰ª£Êõø„Ç¢„Ç§„Ç≥„É≥						
2	animeisgay.com	animeisgay.com	#fff	#46a	https://wee.jp/2/2.png	18	‰ª£Êõø„Ç¢„Ç§„Ç≥„É≥						
2	deadinsi.de	deadinsi.de	#fff	#46a	https://wee.jp/2/2.png	18	‰ª£Êõø„Ç¢„Ç§„Ç≥„É≥						
2	comicscamp.club	comicscamp.club	#fff	#46a	https://wee.jp/2/2.png	18	‰ª£Êõø„Ç¢„Ç§„Ç≥„É≥						
2	banana.dog	banana.dog	#fff	#46a	https://wee.jp/2/2.png	18	‰ª£Êõø„Ç¢„Ç§„Ç≥„É≥						
2	fellies.social	fellies.social	#fff	#46a	https://wee.jp/2/2.png	18	‰ª£Êõø„Ç¢„Ç§„Ç≥„É≥						
2	mast.datamol.org	mast.datamol.org	#fff	#46a	https://wee.jp/2/2.png	18	‰ª£Êõø„Ç¢„Ç§„Ç≥„É≥						
2	royalaid.me	royalaid.me	#fff	#46a	https://wee.jp/2/2.png	18	‰ª£Êõø„Ç¢„Ç§„Ç≥„É≥						
2	mstdn.quebec.gq	mstdn.quebec.gq	#fff	#46a	https://wee.jp/2/2.png	18	‰ª£Êõø„Ç¢„Ç§„Ç≥„É≥						
2	mastodon.lubar.me	mastodon.lubar.me	#fff	#46a	https://wee.jp/2/2.png	18	‰ª£Êõø„Ç¢„Ç§„Ç≥„É≥						
2	toot.devfs.xyz	toot.devfs.xyz	#fff	#46a	https://wee.jp/2/2.png	18	‰ª£Êõø„Ç¢„Ç§„Ç≥„É≥						
2	glasses.moe	glasses.moe	#fff	#46a	https://wee.jp/2/2.png	18	‰ª£Êõø„Ç¢„Ç§„Ç≥„É≥						
2	social.linux.pizza	social.linux.pizza	#fff	#46a	https://wee.jp/2/2.png	18	‰ª£Êõø„Ç¢„Ç§„Ç≥„É≥						
2	social.dropbear.xyz	social.dropbear.xyz	#fff	#46a	https://wee.jp/2/2.png	18	‰ª£Êõø„Ç¢„Ç§„Ç≥„É≥						
2	hellsite.tyronesama.moe	hellsite.tyronesama.moe	#fff	#46a	https://wee.jp/2/2.png	18	‰ª£Êõø„Ç¢„Ç§„Ç≥„É≥						
2	producers.masto.host	producers.masto.host	#fff	#46a	https://wee.jp/2/2.png	18	‰ª£Êõø„Ç¢„Ç§„Ç≥„É≥						
2	mastodon.macsnet.cz	mastodon.macsnet.cz	#fff	#46a	https://wee.jp/2/2.png	18	‰ª£Êõø„Ç¢„Ç§„Ç≥„É≥						
2	calc.news	calc.news	#fff	#46a	https://wee.jp/2/2.png	18	‰ª£Êõø„Ç¢„Ç§„Ç≥„É≥						
2	ramses.amicidelbaretto.org	ramses.amicidelbaretto.org	#fff	#46a	https://wee.jp/2/2.png	18	‰ª£Êõø„Ç¢„Ç§„Ç≥„É≥						
2	social.unextro.net	social.unextro.net	#fff	#46a	https://wee.jp/2/2.png	18	‰ª£Êõø„Ç¢„Ç§„Ç≥„É≥						
2	mastodon.barkshark.tk	mastodon.barkshark.tk	#fff	#46a	https://wee.jp/2/2.png	18	‰ª£Êõø„Ç¢„Ç§„Ç≥„É≥						
2	beach.city	beach.city	#fff	#46a	https://wee.jp/2/2.png	18	‰ª£Êõø„Ç¢„Ç§„Ç≥„É≥						
2	takeoverthe.world	takeoverthe.world	#fff	#46a	https://wee.jp/2/2.png	18	‰ª£Êõø„Ç¢„Ç§„Ç≥„É≥						
2	miaou.drycat.fr	miaou.drycat.fr	#fff	#46a	https://wee.jp/2/2.png	18	‰ª£Êõø„Ç¢„Ç§„Ç≥„É≥						
2	onster.farm	onster.farm	#fff	#46a	https://wee.jp/2/2.png	18	‰ª£Êõø„Ç¢„Ç§„Ç≥„É≥						
2	plush.city	plush.city	#fff	#46a	https://wee.jp/2/2.png	18	‰ª£Êõø„Ç¢„Ç§„Ç≥„É≥						
2	es.muy.moe	es.muy.moe	#fff	#46a	https://wee.jp/2/2.png	18	‰ª£Êõø„Ç¢„Ç§„Ç≥„É≥						
2	botsin.space	botsin.space	#fff	#46a	https://wee.jp/2/2.png	18	‰ª£Êõø„Ç¢„Ç§„Ç≥„É≥						
2	berries.space	berries.space	#fff	#46a	https://wee.jp/2/2.png	18	‰ª£Êõø„Ç¢„Ç§„Ç≥„É≥						
2	toot.site	toot.site	#fff	#46a	https://wee.jp/2/2.png	18	‰ª£Êõø„Ç¢„Ç§„Ç≥„É≥						
2	ubuntu.social	ubuntu.social	#fff	#46a	https://wee.jp/2/2.png	18	‰ª£Êõø„Ç¢„Ç§„Ç≥„É≥						
2	moytura.org	moytura.org	#fff	#46a	https://wee.jp/2/2.png	18	‰ª£Êõø„Ç¢„Ç§„Ç≥„É≥						
2	raggedfeathers.com	raggedfeathers.com	#fff	#46a	https://wee.jp/2/2.png	18	‰ª£Êõø„Ç¢„Ç§„Ç≥„É≥						
2	social.lescorpsdereve.space	social.lescorpsdereve.space	#fff	#46a	https://wee.jp/2/2.png	18	‰ª£Êõø„Ç¢„Ç§„Ç≥„É≥						
2	freeradical.zone	freeradical.zone	#fff	#46a	https://wee.jp/2/2.png	18	‰ª£Êõø„Ç¢„Ç§„Ç≥„É≥						
2	trollian.space	trollian.space	#fff	#46a	https://wee.jp/2/2.png	18	‰ª£Êõø„Ç¢„Ç§„Ç≥„É≥						
2	equestria.social	equestria.social	#fff	#46a	https://wee.jp/2/2.png	18	‰ª£Êõø„Ç¢„Ç§„Ç≥„É≥						
2	tooting.intensifi.es	tooting.intensifi.es	#fff	#46a	https://wee.jp/2/2.png	18	‰ª£Êõø„Ç¢„Ç§„Ç≥„É≥						
2	social.okaris.de	social.okaris.de	#fff	#46a	https://wee.jp/2/2.png	18	‰ª£Êõø„Ç¢„Ç§„Ç≥„É≥						
3	pleroma.soykaf.com	pleroma.soykaf.com	#da5	#123	https://wee.jp/2/3.png	18	‰ª£Êõø„Ç¢„Ç§„Ç≥„É≥	https://ja.mstdn.wiki/Pleroma					
3	pleroma.gdgd.jp.net	pleroma.gdgd.jp.net	#da5	#123	https://wee.jp/2/3.png	18	‰ª£Êõø„Ç¢„Ç§„Ç≥„É≥						
3	plrm.ht164.jp	plrm.ht164.jp	#da5	#123	https://wee.jp/2/3.png	18	‰ª£Êõø„Ç¢„Ç§„Ç≥„É≥						
3	pleroma.vocalodon.net	pleroma.vocalodon.net	#da5	#123	https://wee.jp/2/3.png	18	‰ª£Êõø„Ç¢„Ç§„Ç≥„É≥						
3	pl.telteltel.com	pl.telteltel.com	#da5	#123	https://wee.jp/2/3.png	18	‰ª£Êõø„Ç¢„Ç§„Ç≥„É≥						
3	shitposter.club	shitposter.club	#da5	#123	https://wee.jp/2/3.png	18	‰ª£Êõø„Ç¢„Ç§„Ç≥„É≥						
3	plero.ma	plero.ma	#da5	#123	https://wee.jp/2/3.png	18	‰ª£Êõø„Ç¢„Ç§„Ç≥„É≥						
3	pleroma.site	pleroma.site	#da5	#123	https://wee.jp/2/3.png	18	‰ª£Êõø„Ç¢„Ç§„Ç≥„É≥						
3	3.distsn.org	3.distsn.org	#da5	#123	https://wee.jp/2/3.png	18	‰ª£Êõø„Ç¢„Ç§„Ç≥„É≥						
3	kawen.space	kawen.space	#da5	#123	https://wee.jp/2/3.png	18	‰ª£Êõø„Ç¢„Ç§„Ç≥„É≥						
3	ple.watachan.net	ple.watachan.net	#da5	#123	https://wee.jp/2/3.png	18	‰ª£Êõø„Ç¢„Ç§„Ç≥„É≥						
3	talknet.akabe.co	talknet.akabe.co	#da5	#123	https://wee.jp/2/3.png	18	‰ª£Êõø„Ç¢„Ç§„Ç≥„É≥						
3	plrm.beanlog.xyz	plrm.beanlog.xyz	#da5	#123	https://wee.jp/2/3.png	18	‰ª£Êõø„Ç¢„Ç§„Ç≥„É≥						
3	pl.smuglo.li	pl.smuglo.li	#da5	#123	https://wee.jp/2/3.png	18	‰ª£Êõø„Ç¢„Ç§„Ç≥„É≥						
3	sale.gauchiste.club	sale.gauchiste.club	#da5	#123	https://wee.jp/2/3.png	18	‰ª£Êõø„Ç¢„Ç§„Ç≥„É≥						
3	weeaboo.space	weeaboo.space	#da5	#123	https://wee.jp/2/3.png	18	‰ª£Êõø„Ç¢„Ç§„Ç≥„É≥						
3	the.hedgehoghunter.club	the.hedgehoghunter.club	#da5	#123	https://wee.jp/2/3.png	18	‰ª£Êõø„Ç¢„Ç§„Ç≥„É≥						
3	pleroma.tuxcrafting.cf	pleroma.tuxcrafting.cf	#da5	#123	https://wee.jp/2/3.png	18	‰ª£Êõø„Ç¢„Ç§„Ç≥„É≥						
3	social.sakamoto.gq	social.sakamoto.gq	#da5	#123	https://wee.jp/2/3.png	18	‰ª£Êõø„Ç¢„Ç§„Ç≥„É≥						
3	letsalllovela.in	letsalllovela.in	#da5	#123	https://wee.jp/2/3.png	18	‰ª£Êõø„Ç¢„Ç§„Ç≥„É≥						
3	iscute.moe	iscute.moe	#da5	#123	https://wee.jp/2/3.png	18	‰ª£Êõø„Ç¢„Ç§„Ç≥„É≥						
3	social.beepboop.ga	social.beepboop.ga	#da5	#123	https://wee.jp/2/3.png	18	‰ª£Êõø„Ç¢„Ç§„Ç≥„É≥						
3	pleroma.nakanod.net	pleroma.nakanod.net	#da5	#123	https://wee.jp/2/3.png	18	‰ª£Êõø„Ç¢„Ç§„Ç≥„É≥						
3	pleroma.io	pleroma.io	#da5	#123	https://wee.jp/2/3.png	18	‰ª£Êõø„Ç¢„Ç§„Ç≥„É≥						
3	rabbit.country	rabbit.country	#da5	#123	https://wee.jp/2/3.png	18	‰ª£Êõø„Ç¢„Ç§„Ç≥„É≥						
3	pikachu.rocks	pikachu.rocks	#da5	#123	https://wee.jp/2/3.png	18	‰ª£Êõø„Ç¢„Ç§„Ç≥„É≥						
3	pla.social	pla.social	#da5	#123	https://wee.jp/2/3.png	18	‰ª£Êõø„Ç¢„Ç§„Ç≥„É≥						
3	pleroma7.pla1.net	pleroma7.pla1.net	#da5	#123	https://wee.jp/2/3.png	18	‰ª£Êõø„Ç¢„Ç§„Ç≥„É≥						
3	pleroma.pla1.net	pleroma.pla1.net	#da5	#123	https://wee.jp/2/3.png	18	‰ª£Êõø„Ç¢„Ç§„Ç≥„É≥						
3	soliton.nonlinear.zone	soliton.nonlinear.zone	#da5	#123	https://wee.jp/2/3.png	18	‰ª£Êõø„Ç¢„Ç§„Ç≥„É≥						
3	social.toromino.de	social.toromino.de	#da5	#123	https://wee.jp/2/3.png	18	‰ª£Êõø„Ç¢„Ç§„Ç≥„É≥						
3	social.libre.fi	social.libre.fi	#da5	#123	https://wee.jp/2/3.png	18	‰ª£Êõø„Ç¢„Ç§„Ç≥„É≥						
3	p.a3.pm	p.a3.pm	#da5	#123	https://wee.jp/2/3.png	18	‰ª£Êõø„Ç¢„Ç§„Ç≥„É≥						
3	tomo.airen-no-jikken.icu	tomo.airen-no-jikken.icu	#da5	#123	https://wee.jp/2/3.png	18	‰ª£Êõø„Ç¢„Ç§„Ç≥„É≥						
3	cybre.club	cybre.club	#da5	#123	https://wee.jp/2/3.png	18	‰ª£Êõø„Ç¢„Ç§„Ç≥„É≥						
3	pleroma.xyz	pleroma.xyz	#da5	#123	https://wee.jp/2/3.png	18	‰ª£Êõø„Ç¢„Ç§„Ç≥„É≥						
3	nemoroma.ml	nemoroma.ml	#da5	#123	https://wee.jp/2/3.png	18	‰ª£Êõø„Ç¢„Ç§„Ç≥„É≥						
4	misskey.xyz	misskey.xyz	#fff	#17a	https://wee.jp/2/4.png	18	‰ª£Êõø„Ç¢„Ç§„Ç≥„É≥	https://ja.mstdn.wiki/Misskey					
4	misskey.jp	misskey.jp	#fff	#17a	https://wee.jp/2/4.png	18	‰ª£Êõø„Ç¢„Ç§„Ç≥„É≥						
4	msk.kirigakure.net	msk.kirigakure.net	#fff	#17a	https://wee.jp/2/4.png	18	‰ª£Êõø„Ç¢„Ç§„Ç≥„É≥						
4	misskey.m544.net	misskey.m544.net	#fff	#17a	https://wee.jp/2/4.png	18	‰ª£Êõø„Ç¢„Ç§„Ç≥„É≥						
4	misskey.xps2.net	misskey.xps2.net	#fff	#17a	https://wee.jp/2/4.png	18	‰ª£Êõø„Ç¢„Ç§„Ç≥„É≥						
4	mewl.me	mewl.me	#fff	#17a	https://wee.jp/2/4.png	18	‰ª£Êõø„Ç¢„Ç§„Ç≥„É≥						
4	üíõ.tk	xn--6r8h.tk	#fff	#17a	https://wee.jp/2/4.png	18	‰ª£Êõø„Ç¢„Ç§„Ç≥„É≥						
4	misskey.barippi.com	misskey.barippi.com	#fff	#17a	https://wee.jp/2/4.png	18	‰ª£Êõø„Ç¢„Ç§„Ç≥„É≥						
4	msky.tokyo	msky.tokyo	#fff	#17a	https://wee.jp/2/4.png	18	‰ª£Êõø„Ç¢„Ç§„Ç≥„É≥						
4	misskey.myhome.cx	misskey.myhome.cx	#fff	#17a	https://wee.jp/2/4.png	18	‰ª£Êõø„Ç¢„Ç§„Ç≥„É≥						
4	misskey.love	misskey.love	#fff	#17a	https://wee.jp/2/4.png	18	‰ª£Êõø„Ç¢„Ç§„Ç≥„É≥						
4	mk.kigurumi.fun	mk.kigurumi.fun	#fff	#17a	https://wee.jp/2/4.png	18	‰ª£Êõø„Ç¢„Ç§„Ç≥„É≥						
4	noir.pub	noir.pub	#fff	#17a	https://wee.jp/2/4.png	18	‰ª£Êõø„Ç¢„Ç§„Ç≥„É≥						
4	msky.naru.cafe	msky.naru.cafe	#fff	#17a	https://wee.jp/2/4.png	18	‰ª£Êõø„Ç¢„Ç§„Ç≥„É≥						
4	uselesslesbian.club	uselesslesbian.club	#fff	#17a	https://wee.jp/2/4.png	18	‰ª£Êõø„Ç¢„Ç§„Ç≥„É≥						
4	uhouho.xyz	uhouho.xyz	#fff	#17a	https://wee.jp/2/4.png	18	‰ª£Êõø„Ç¢„Ç§„Ç≥„É≥						
4	yuzulia.xyz	yuzulia.xyz	#fff	#17a	https://wee.jp/2/4.png	18	‰ª£Êõø„Ç¢„Ç§„Ç≥„É≥						
4	misskey.nokotaro.com	misskey.nokotaro.com	#fff	#17a	https://wee.jp/2/4.png	18	‰ª£Êõø„Ç¢„Ç§„Ç≥„É≥						
4	msk.kirigakure.net	msk.kirigakure.net	#fff	#17a	https://wee.jp/2/4.png	18	‰ª£Êõø„Ç¢„Ç§„Ç≥„É≥						
4	emoji.msky.work	emoji.msky.work	#fff	#17a	https://wee.jp/2/4.png	18	‰ª£Êõø„Ç¢„Ç§„Ç≥„É≥						
4	819.blue	819.blue	#fff	#17a	https://wee.jp/2/4.png	18	‰ª£Êõø„Ç¢„Ç§„Ç≥„É≥						
4	i.mi.xeltica.work	i.mi.xeltica.work	#fff	#17a	https://wee.jp/2/4.png	18	‰ª£Êõø„Ç¢„Ç§„Ç≥„É≥						
4	misskey.rip	misskey.rip	#fff	#17a	https://wee.jp/2/4.png	18	‰ª£Êõø„Ç¢„Ç§„Ç≥„É≥						
5	peertube.cpy.re	peertube.cpy.re	#000	#fff, #fff, #fff	https://wee.jp/2/5.png	18	‰ª£Êõø„Ç¢„Ç§„Ç≥„É≥	https://ja.mstdn.wiki/PeerTube					
5	peertube.jp.net	peertube.jp.net	#000	#fff, #fff, #fff	https://wee.jp/2/5.png	18	‰ª£Êõø„Ç¢„Ç§„Ç≥„É≥						
5	tube.h3z.jp	tube.h3z.jp	#000	#fff, #fff, #fff	https://wee.jp/2/5.png	18	‰ª£Êõø„Ç¢„Ç§„Ç≥„É≥						
5	video.blender.org	video.blender.org	#000	#fff, #fff, #fff	https://wee.jp/2/5.png	18	‰ª£Êõø„Ç¢„Ç§„Ç≥„É≥						
5	tube.yukimochi.jp	tube.yukimochi.jp	#000	#fff, #fff, #fff	https://wee.jp/2/5.png	18	‰ª£Êõø„Ç¢„Ç§„Ç≥„É≥						
5	peertube.mastodon.host	peertube.mastodon.host	#000	#fff, #fff, #fff	https://wee.jp/2/5.png	18	‰ª£Êõø„Ç¢„Ç§„Ç≥„É≥						
5	peertube.video	peertube.video	#000	#fff, #fff, #fff	https://wee.jp/2/5.png	18	‰ª£Êõø„Ç¢„Ç§„Ç≥„É≥						
5	peertube.live	peertube.live	#000	#fff, #fff, #fff	https://wee.jp/2/5.png	18	‰ª£Êõø„Ç¢„Ç§„Ç≥„É≥						
6	juick.com	juick.com	#fff	#000	https://wee.jp/2/6.png	18	‰ª£Êõø„Ç¢„Ç§„Ç≥„É≥						
7	info.ikebuku.ro	info.ikebuku.ro	#000	#eee, #eee, #fff	https://wee.jp/2/7.png	18	‰ª£Êõø„Ç¢„Ç§„Ç≥„É≥						
8	pxlfd.me	pxlfd.me	#000	#fff	https://wee.jp/2/8.png	18	‰ª£Êõø„Ç¢„Ç§„Ç≥„É≥						
10	plus.haruk.in	plus.haruk.in	#fff	#448	https://wee.jp/2/10.png	18	‰ª£Êõø„Ç¢„Ç§„Ç≥„É≥						
11	osada.app	osada.app	#fff	#334,#334	https://wee.jp/2/11.png	18	‰ª£Êõø„Ç¢„Ç§„Ç≥„É≥						
12	squeet.me	squeet.me	#fff	#059	https://wee.jp/2/12.png	18	‰ª£Êõø„Ç¢„Ç§„Ç≥„É≥						
