[0] #InstanceTicker (Type-0) Ver.201907270828.tsv - (c)weepjp (c)kyori19 MIT License.	ScreenName	ServerName	FontColor	BGColor	ImgPath	ImgWidth	ImgLicense	WikiURL	Star	ImgLicenseURL	AdminsVoiceURL	no12	no13
1	é–‰é–æ¸ˆã¿	tl.telmina.com	#fff	#666	https://wee.jp/i/1.png	18	ä»£æ›¿icon		https://tl.telmina.com/@Telmina/101233441633013227		https://archive.fo/IyPfu		
0	senooken.jp	social.senooken.jp	#fff	#c77	https://wee.jp/i/0.png	18	ä»£æ›¿icon						
0	js4.in	js4.in	#fff	#c77	https://wee.jp/i/0.png	18	ä»£æ›¿icon						
0	quitter.im	quitter.im	#fff	#c77	https://wee.jp/i/0.png	18	ä»£æ›¿icon						
0	bitcast.info	social.bitcast.info	#fff	#c77	https://wee.jp/i/0.png	18	ä»£æ›¿icon						
0	nu.federati.net	nu.federati.net	#fff	#c77	https://wee.jp/i/0.png	18	ä»£æ›¿icon						
0	gnusocial.in	gnusocial.in	#fff	#c77	https://wee.jp/i/0.png	18	ä»£æ›¿icon						
0	gnusocial.net	gnusocial.net	#fff	#c77	https://wee.jp/i/0.png	18	ä»£æ›¿icon						
0	gnusocial.no	gnusocial.no	#fff	#c77	https://wee.jp/i/0.png	18	ä»£æ›¿icon						
0	LibreLabUCM.org	gnusocial.librelabucm.org	#fff	#c77	https://wee.jp/i/0.png	18	ä»£æ›¿icon						
0	loadaverage.org	loadaverage.org	#fff	#c77	https://wee.jp/i/0.png	18	ä»£æ›¿icon						
0	social.pzn.lgbt	social.pzn.lgbt	#fff	#c77	https://wee.jp/i/0.png	18	ä»£æ›¿icon						
0	social.stopwatchingus-heidelberg.de	social.stopwatchingus-heidelberg.de	#fff	#c77	https://wee.jp/i/0.png	18	ä»£æ›¿icon						
0	bot.undernet.uy	bot.undernet.uy	#fff	#c77	https://wee.jp/i/0.png	18	ä»£æ›¿icon						
1	æ¿æ©‹ä¸¼	itabashi.0j0.jp	#fff	#383	https://wee.jp/i/1.png	18	ä»£æ›¿icon	https://ja.mstdn.wiki/Itabashi.0j0.jp					
1	social.0ko.me	social.0ko.me	#fff	#26a	https://wee.jp/i/1.png	18	ä»£æ›¿icon						
1	don.8mitsu.net	don.8mitsu.net	#fff	#26a	https://wee.jp/i/1.png	18	ä»£æ›¿icon						
1	9177xe.tokyo	9177xe.tokyo	#fff	#26a	https://wee.jp/i/1.png	18	ä»£æ›¿icon						
1	mstdn.a-tak.com	mstdn.a-tak.com	#fff	#26a	https://wee.jp/i/1.png	18	ä»£æ›¿icon						
1	abyss.fun	abyss.fun	#fff	#26a	https://wee.jp/i/1.png	18	ä»£æ›¿icon						
1	testingmstdn.abcang.net	testingmstdn.abcang.net	#fff	#26a	https://wee.jp/i/1.png	18	ä»£æ›¿icon						
1	flower.afn.social	flower.afn.social	#fff	#26a	https://wee.jp/i/1.png	18	ä»£æ›¿icon	https://ja.mstdn.wiki/Flower.afn.social					
1	akanechan.love	akanechan.love	#fff	#26a	https://wee.jp/i/1.png	18	ä»£æ›¿icon						
1	hige.alterna-cloud.com	hige.alterna-cloud.com	#fff	#26a	https://wee.jp/i/1.png	18	ä»£æ›¿icon						
1	amemiya.work	amemiya.work	#fff	#26a	https://wee.jp/i/1.png	18	ä»£æ›¿icon	https://ja.mstdn.wiki/Amemiya.work					
1	angraecumnote.net	angraecumnote.net	#fff	#26a	https://wee.jp/i/1.png	18	ä»£æ›¿icon						
1	sn.angry.im	sn.angry.im	#fff	#26a	https://wee.jp/i/1.png	18	ä»£æ›¿icon						
1	mstdn.anqou.net	mstdn.anqou.net	#fff	#26a	https://wee.jp/i/1.png	18	ä»£æ›¿icon						
1	amefur.asia	amefur.asia	#fff	#26a	https://wee.jp/i/1.png	18	ä»£æ›¿icon						
1	aqours.run	aqours.run	#fff	#26a	https://wee.jp/i/1.png	18	ä»£æ›¿icon						
1	m.aqr.af	m.aqr.af	#fff	#00947A,#00E6BB	https://wee.jp/i/1.png	18	ä»£æ›¿icon				https://m.aqr.af/@Aqraf/102393330979059195		
1	delusion.ariela.jp	delusion.ariela.jp	#fff	#26a	https://wee.jp/i/1.png	18	ä»£æ›¿icon	https://ja.mstdn.wiki/%E5%A6%84%E6%83%B3%E9%B1%92%E4%B8%BC					
1	social.arnip.org	social.arnip.org	#fff	#26a	https://wee.jp/i/1.png	18	ä»£æ›¿icon						
1	ding-dong.asmodeus.tokyo	ding-dong.asmodeus.tokyo	#fff	#26a	https://wee.jp/i/1.png	18	ä»£æ›¿icon						
1	mstdn.asterism.xyz	mstdn.asterism.xyz	#fff	#26a	https://wee.jp/i/1.png	18	ä»£æ›¿icon						
1	mstdn.atcurio.com	mstdn.atcurio.com	#fff	#26a	https://wee.jp/i/1.png	18	ä»£æ›¿icon						
1	m.auri.ga	m.auri.ga	#fff	#26a	https://wee.jp/i/1.png	18	ä»£æ›¿icon						
1	mstdn.b-shock.org	mstdn.b-shock.org	#fff	#26a	https://wee.jp/i/1.png	18	ä»£æ›¿icon						
1	babymetal.party	babymetal.party	#fff	#26a	https://wee.jp/i/1.png	18	ä»£æ›¿icon	https://ja.mstdn.wiki/Babymetal.party					
1	babuu.club	babuu.club	#fff	#26a	https://wee.jp/i/1.png	18	ä»£æ›¿icon						
1	bakitodon.com	bakitodon.com	#fff	#26a	https://wee.jp/i/1.png	18	ä»£æ›¿icon						
1	mstdn.barippi.com	mstdn.barippi.com	#fff	#26a	https://wee.jp/i/1.png	18	ä»£æ›¿icon	https://ja.mstdn.wiki/Mstdn.barippi.com					
1	best-friends.chat	best-friends.chat	#fff	#26a	https://wee.jp/i/1.png	18	ä»£æ›¿icon	https://ja.mstdn.wiki/Best-friends.chat					
1	mstdn.binfish.jp	mstdn.binfish.jp	#fff	#26a	https://wee.jp/i/1.png	18	ä»£æ›¿icon						
1	mastodon.bitbank.cc	mastodon.bitbank.cc	#fff	#26a	https://wee.jp/i/1.png	18	ä»£æ›¿icon	https://ja.mstdn.wiki/Mastodon.bitbank.cc					
1	blessedgeeks.social	blessedgeeks.social	#fff	#26a	https://wee.jp/i/1.png	18	ä»£æ›¿icon						
1	ã³ã‚æ¹–ã«æš®ã‚‰ã™äºº (æ»‹è³€)	biwakodon.com	#fff	#383	https://wee.jp/i/1.png	18	ä»£æ›¿icon	https://ja.mstdn.wiki/%E3%81%B3%E3%82%8F%E6%B9%96%E3%81%AB%E6%9A%AE%E3%82%89%E3%81%99%E4%BA%BA%E3%81%AEMastodon					
1	ã‚¤ãƒ³ãƒ•ãƒ©æŠ€è¡“å°‚é–€ (ä¹å·)	social.bluecore.net	#fff	#e12	https://wee.jp/i/1.png	18	ä»£æ›¿icon						
1	boiskokoro.club	boiskokoro.club	#fff	#26a	https://wee.jp/i/1.png	18	ä»£æ›¿icon						
1	bookwor.ms	bookwor.ms	#fff	#26a	https://wee.jp/i/1.png	18	ä»£æ›¿icon	https://ja.mstdn.wiki/Bookwor.ms					
1	botdon.net	botdon.net	#fff	#26a	https://wee.jp/i/1.png	18	ä»£æ›¿icon	https://ja.mstdn.wiki/Botdon					
1	mstdn.boxp.tk	mstdn.boxp.tk	#fff	#26a	https://wee.jp/i/1.png	18	ä»£æ›¿icon						
1	d.c-cha.cc	d.c-cha.cc	#fff	#26a	https://wee.jp/i/1.png	18	ä»£æ›¿icon						
1	mastodon.cardina1.red	mastodon.cardina1.red	#fff	#26a	https://wee.jp/i/1.png	18	ä»£æ›¿icon						
1	catdon.life	catdon.life	#fff	#26a	https://wee.jp/i/1.png	18	ä»£æ›¿icon						
1	catgram.jp	catgram.jp	#fff	#26a	https://wee.jp/i/1.png	18	ä»£æ›¿icon						
1	kero.ccsakura.jp	kero.ccsakura.jp	#fff	#26a	https://wee.jp/i/1.png	18	ä»£æ›¿icon	https://ja.mstdn.wiki/Kero.ccsakura.jp					
1	jitakurack.chotto.moe	jitakurack.chotto.moe	#fff	#26a	https://wee.jp/i/1.png	18	ä»£æ›¿icon						
1	mastodon.chotto.moe	mastodon.chotto.moe	#fff	#26a	https://wee.jp/i/1.png	18	ä»£æ›¿icon						
1	cironnup.com	cironnup.com	#fff	#26a	https://wee.jp/i/1.png	18	ä»£æ›¿icon						
1	claris.cf	claris.cf	#003	#ffc7c8	https://wee.jp/o/claris_cf.png	17	ç®¡ç†è€…æå‡º	https://ja.mstdn.wiki/Claris.cf		https://archive.fo/Okzug	https://archive.fo/Okzug		
1	claristdon.net	claristdon.net	#fff	#26a	https://wee.jp/i/1.png	18	ä»£æ›¿icon						
1	comm.cx	comm.cx	#fff	#26a	https://wee.jp/i/1.png	18	ä»£æ›¿icon						
1	comm.cx	gs.comm.cx	#fff	#26a	https://wee.jp/i/1.png	18	ä»£æ›¿icon						
1	comm.cx	pl.comm.cx	#fff	#26a	https://wee.jp/i/1.png	18	ä»£æ›¿icon						
1	mstdn.cosplayer.com	mstdn.cosplayer.com	#fff	#26a	https://wee.jp/i/1.png	18	ä»£æ›¿icon						
1	cpper.xyz	cpper.xyz	#fff	#26a	https://wee.jp/i/1.png	18	ä»£æ›¿icon						
1	mastodon.crazynewworld.net	mastodon.crazynewworld.net	#fff	#26a	https://wee.jp/i/1.png	18	ä»£æ›¿icon						
1	mstdn.cuezakuisgodofthe.world	mstdn.cuezakuisgodofthe.world	#fff	#26a	https://wee.jp/i/1.png	18	ä»£æ›¿icon						
1	cute2d.xyz	cute2d.xyz	#fff	#26a	https://wee.jp/i/1.png	18	ä»£æ›¿icon						
1	cutls.com	cutls.com	#fff	#26a	https://wee.jp/i/1.png	18	ä»£æ›¿icon						
1	darui.work	darui.work	#fff	#26a	https://wee.jp/i/1.png	18	ä»£æ›¿icon						
1	mstdn.dasoran.net	mstdn.dasoran.net	#fff	#26a	https://wee.jp/i/1.png	18	ä»£æ›¿icon						
1	deny.club	deny.club	#fff	#26a	https://wee.jp/i/1.png	18	ä»£æ›¿icon						
1	mstdn.dgm.pw	mstdn.dgm.pw	#fff	#26a	https://wee.jp/i/1.png	18	ä»£æ›¿icon						
1	digineko.jp	digineko.jp	#fff	#26a	https://wee.jp/i/1.png	18	ä»£æ›¿icon						
1	mastodon.diglateam3.com	mastodon.diglateam3.com	#fff	#26a	https://wee.jp/i/1.png	18	ä»£æ›¿icon						
1	djanzu.tokyo	djanzu.tokyo	#fff	#26a	https://wee.jp/i/1.png	18	ä»£æ›¿icon						
1	doll.social	doll.social	#fff	#26a	https://wee.jp/o/doll.png	17	ä¾é ¼è€…:tateisuæ°(ç´ æ:ã„ã‚‰ã™ã¨ã‚„)			https://www.irasutoya.com/2012/12/blog-post_653.html	https://discordapp.com/channels/480731529073524736/519416040283701252/521146166172188673		
1	dotdon.jp	dotdon.jp	#fff	#26a	https://wee.jp/i/1.png	18	ä»£æ›¿icon						
1	svrdn.drillion.net	svrdn.drillion.net	#fff	#26a	https://wee.jp/i/1.png	18	ä»£æ›¿icon						
1	dtp-mstdn.jp	dtp-mstdn.jp	#fff	#26a	https://wee.jp/i/1.png	18	ä»£æ›¿icon	https://ja.mstdn.wiki/DTP-Mstdn.jp					
1	edge4cube.work	social.edge4cube.work	#fff	#26a	https://wee.jp/i/1.png	18	ä»£æ›¿icon		https://social.edge4cube.work/@popn_ja/101170111975395733		https://archive.fo/CMDLO		
1	ã¦ã‚“ã©ã‚“	don.ebifly.xyz	#fff	#35D060	https://wee.jp/i/1.png	18	ä»£æ›¿icon				https://archive.fo/YvkfK		
1	eletusk.club	eletusk.club	#fff	#26a	https://wee.jp/i/1.png	18	ä»£æ›¿icon						
1	ernix.jp	pm.ernix.jp	#fff	#26a	https://wee.jp/i/1.png	18	ä»£æ›¿icon						
1	ertona.net	ertona.net	#fff	#26a	https://wee.jp/i/1.png	18	ä»£æ›¿icon						
1	m.eula.dev	m.eula.dev	#fff	#26a	https://wee.jp/i/1.png	18	ä»£æ›¿icon						
1	mstdn.f72u.net	mstdn.f72u.net	#fff	#26a	https://wee.jp/i/1.png	18	ä»£æ›¿icon						
1	felesitas.cloud	felesitas.cloud	#fff	#26a	https://wee.jp/i/1.png	18	ä»£æ›¿icon						
1	fetishdon.tk	fetishdon.tk	#fff	#26a	https://wee.jp/i/1.png	18	ä»£æ›¿icon						
1	ffxiv-mastodon.com	ffxiv-mastodon.com	#fff	#26a	https://wee.jp/i/1.png	18	ä»£æ›¿icon	https://ja.mstdn.wiki/Ffxiv-mastodon.com					
1	ifrit.gaia.ff14-mstdn.xyz	ifrit.gaia.ff14-mstdn.xyz	#fff	#26a	https://wee.jp/i/1.png	18	ä»£æ›¿icon						
1	fla.red	fla.red	#fff	#26a	https://wee.jp/i/1.png	18	ä»£æ›¿icon	https://ja.mstdn.wiki/Fla.red					
1	ma.fono.jp	ma.fono.jp	#fff	#26a	https://wee.jp/i/1.png	18	ä»£æ›¿icon						
1	foresdon.jp	foresdon.jp	#fff	#26a	https://wee.jp/i/1.png	18	ä»£æ›¿icon	https://ja.mstdn.wiki/Foresdon.jp					
1	friends.cafe	friends.cafe	#fff	#26a	https://wee.jp/i/1.png	18	ä»£æ›¿icon						
1	mstdn.fujii-yuji.net	mstdn.fujii-yuji.net	#fff	#26a	https://wee.jp/i/1.png	18	ä»£æ›¿icon						
1	ãµããŠã‹ã©ã‚“	mstdn.fukuoka.jp	#fff	#383	https://wee.jp/i/1.png	18	ä»£æ›¿icon	https://ja.mstdn.wiki/Mstdn.fukuoka.jp					
1	mstdn.futaba-works.com	mstdn.futaba-works.com	#fff	#26a	https://wee.jp/i/1.png	18	ä»£æ›¿icon						
1	mstdn.fuyumori.net	mstdn.fuyumori.net	#fff	#26a	https://wee.jp/i/1.png	18	ä»£æ›¿icon						
1	gamelinks007.net	gamelinks007.net	#fff	#26a	https://wee.jp/i/1.png	18	ä»£æ›¿icon	https://ja.mstdn.wiki/Creatodon					
1	garakuta.online	garakuta.online	#fff	#26a	https://wee.jp/i/1.png	18	ä»£æ›¿icon						
1	gensokyo.town	gensokyo.town	#fff	#26a	https://wee.jp/i/1.png	18	ä»£æ›¿icon	https://ja.mstdn.wiki/Gensokyo.town					
1	gensousakuya.moe	gensousakuya.moe	#fff	#26a	https://wee.jp/i/1.png	18	ä»£æ›¿icon						
1	md.ggtea.org	md.ggtea.org	#fff	#26a	https://wee.jp/i/1.png	18	ä»£æ›¿icon						
1	gingadon.com	gingadon.com	#fff	#26a	https://wee.jp/i/1.png	18	ä»£æ›¿icon	https://ja.mstdn.wiki/%E9%8A%80%E6%B2%B3%E4%B8%BC					
1	gla.fit	gla.fit	#fff	#26a	https://wee.jp/i/1.png	18	ä»£æ›¿icon						
1	mstdn.glorificatio.org	mstdn.glorificatio.org	#fff	#26a	https://wee.jp/i/1.png	18	ä»£æ›¿icon						
1	gnosia.info	gnosia.info	#fff	#26a	https://wee.jp/i/1.png	18	ä»£æ›¿icon						
1	gochisou.photo	gochisou.photo	#fff	#26a	https://wee.jp/i/1.png	18	ä»£æ›¿icon						
1	don.gomasy.jp	don.gomasy.jp	#fff	#26a	https://wee.jp/i/1.png	18	ä»£æ›¿icon						
1	gorone.xyz	gorone.xyz	#fff	#26a	https://wee.jp/i/1.png	18	ä»£æ›¿icon						
1	mini.gorone.xyz	mini.gorone.xyz	#fff	#26a	https://wee.jp/i/1.png	18	ä»£æ›¿icon						
1	mstdn.gtn-works.com	mstdn.gtn-works.com	#fff	#26a	https://wee.jp/i/1.png	18	ä»£æ›¿icon						
1	mstdn.h3z.jp	mstdn.h3z.jp	#fff	#26a	https://wee.jp/i/1.png	18	ä»£æ›¿icon						
1	social.mikutter.hachune.net	social.mikutter.hachune.net	#fff	#26a	https://wee.jp/i/1.png	18	ä»£æ›¿icon	https://ja.mstdn.wiki/Social.mikutter.hachune.net					
1	ã¯ã“ã¾ã™ï¼	hakomas.cf	#000	#9fd	https://wee.jp/o/hakomas.png	17	ç®¡ç†è€…æå‡º			https://archive.fo/xVAZ4	https://archive.fo/xVAZ4		
1	hakorena.net	hakorena.net	#fff	#26a	https://wee.jp/i/1.png	18	ä»£æ›¿icon						
1	handon.club	handon.club	#fff	#26a	https://wee.jp/i/1.png	18	ä»£æ›¿icon	https://ja.mstdn.wiki/%E3%81%AF%E3%82%93%E3%83%89%E3%83%B3%E3%82%AF%E3%83%A9%E3%83%96					
1	mstdn.haun.jp	mstdn.haun.jp	#fff	#26a	https://wee.jp/i/1.png	18	ä»£æ›¿icon						
1	hearthtodon.com	hearthtodon.com	#fff	#26a	https://wee.jp/i/1.png	18	ä»£æ›¿icon	https://ja.mstdn.wiki/Hearthtodon					
1	heislandmine.work	heislandmine.work	#fff	#26a	https://wee.jp/i/1.png	18	ä»£æ›¿icon		https://heislandmine.work/@Heislandmine/101233329520993598				
1	hexadon.net	hexadon.net	#fff	#26a	https://wee.jp/i/1.png	18	ä»£æ›¿icon						
1	hiruandon.life	hiruandon.life	#fff	#26a	https://wee.jp/i/1.png	18	ä»£æ›¿icon						
1	social.hideo54.com	social.hideo54.com	#fff	#26a	https://wee.jp/i/1.png	18	ä»£æ›¿icon						
1	mdn.hinaloe.net	mdn.hinaloe.net	#fff	#26a	https://wee.jp/i/1.png	18	ä»£æ›¿icon						
1	åŒ—æµ·ä¸¼ (åŒ—æµ·é“)	mstdn.hokkaido.jp	#fff	#383	https://wee.jp/i/1.png	18	ä»£æ›¿icon	https://ja.mstdn.wiki/Mstdn.hokkaido.jp					
1	hokutodon.co	hokutodon.co	#fff	#26a	https://wee.jp/i/1.png	18	ä»£æ›¿icon						
1	homoo.social	homoo.social	#fff	#26a	https://wee.jp/i/1.png	18	ä»£æ›¿icon						
1	ã‚«ã‚ªã‚¹ãƒ•ã‚£ã‚¢	chaosphere.hostdon.jp	#fff	#00f	https://wee.jp/i/1.png	18	ä»£æ›¿icon				https://archive.fo/8awAJ		
1	mstdn.hostdon.jp	mstdn.hostdon.jp	#fff	#26a	https://wee.jp/i/1.png	18	ä»£æ›¿icon	https://ja.mstdn.wiki/Hostdon					
1	mstdn.ht164.jp	mstdn.ht164.jp	#fff	#26a	https://wee.jp/i/1.png	18	ä»£æ›¿icon						
1	å…µåº«ä¸¼	mstdn.hyogo.jp	#fff	#383	https://wee.jp/i/1.png	18	ä»£æ›¿icon	https://ja.mstdn.wiki/Mstdn.hyogo.jp					
1	ichiji.social	ichiji.social	#fff	#26a	https://wee.jp/i/1.png	18	ä»£æ›¿icon	https://ja.mstdn.wiki/Ichiji.social					
1	iguanodon.net	iguanodon.net	#fff	#26a	https://wee.jp/i/1.png	18	ä»£æ›¿icon						
1	mstdn.ijs01140.com	mstdn.ijs01140.com	#fff	#26a	https://wee.jp/i/1.png	18	ä»£æ›¿icon						
1	social.ikata.co	social.ikata.co	#fff	#26a	https://wee.jp/i/1.png	18	ä»£æ›¿icon						
1	Ikebuku.ro	mstdn.ikebuku.ro	#fff	#383	https://wee.jp/i/1.png	18	ä»£æ›¿icon						
1	i--i.net	i--i.net	#fff	#26a	https://wee.jp/i/1.png	18	ä»£æ›¿icon						
1	illuster.org	illuster.org	#fff	#26a	https://wee.jp/i/1.png	18	ä»£æ›¿icon						
1	imastodon.net	imastodon.net	#fff	#26a	https://wee.jp/i/1.png	18	ä»£æ›¿icon	https://ja.mstdn.wiki/Imastodon.net					
1	mstdn.imoimo.xyz	mstdn.imoimo.xyz	#fff	#26a	https://wee.jp/i/1.png	18	ä»£æ›¿icon						
1	mstdn.inct-densan.club	mstdn.inct-densan.club	#fff	#26a	https://wee.jp/i/1.png	18	ä»£æ›¿icon						
1	gadget.inpocket.net	gadget.inpocket.net	#fff	#26a	https://wee.jp/i/1.png	18	ä»£æ›¿icon						
1	don.inux39.me	don.inux39.me	#fff	#26a	https://wee.jp/i/1.png	18	ä»£æ›¿icon						
1	isidai.com	isidai.com	#fff	#26a	https://wee.jp/i/1.png	18	ä»£æ›¿icon						
1	ã‚¤ãƒ¯ãƒ†ãƒ‰ãƒ³ (å²©æ‰‹)	iwatedon.net	#fff	#383	https://wee.jp/i/1.png	18	ä»£æ›¿icon	https://ja.mstdn.wiki/Iwatedon.net					
1	grain.izayoiwind.net	grain.izayoiwind.net	#fff	#26a	https://wee.jp/i/1.png	18	ä»£æ›¿icon						
1	mstdn.jnsk.info	mstdn.jnsk.info	#fff	#26a	https://wee.jp/i/1.png	18	ä»£æ›¿icon						
1	mastodon.juggler.jp	mastodon.juggler.jp	#fff	#26a	https://wee.jp/i/1.png	18	ä»£æ›¿icon	https://ja.mstdn.wiki/Mastodon.juggler.jp					
1	junkhub.org	junkhub.org	#fff	#26a	https://wee.jp/i/1.png	18	ä»£æ›¿icon						
1	justodon.net	justodon.net	#fff	#26a	https://wee.jp/i/1.png	18	ä»£æ›¿icon						
1	don.kaias1jp.site	don.kaias1jp.site	#fff	#26a	https://wee.jp/i/1.png	18	ä»£æ›¿icon						
1	mstdn.kanagu.info	mstdn.kanagu.info	#fff	#26a	https://wee.jp/i/1.png	18	ä»£æ›¿icon						
1	kancolle.social	kancolle.social	#fff	#26a	https://wee.jp/i/1.png	18	ä»£æ›¿icon						
1	chibi.kemo.no	chibi.kemo.no	#fff	#26a	https://wee.jp/i/1.png	18	ä»£æ›¿icon						
1	mofu.kemo.no	mofu.kemo.no	#fff	#26a	https://wee.jp/i/1.png	18	ä»£æ›¿icon						
1	kemoner-don.tokyo	kemoner-don.tokyo	#fff	#26a	https://wee.jp/i/1.png	18	ä»£æ›¿icon						
1	ã¾ã™ã¨ã©ã‚“ã¡ã»ãƒ¼	mstdn.kemono-friends.info	#fff	#383	https://wee.jp/i/1.png	18	ä»£æ›¿icon	https://ja.mstdn.wiki/%E3%81%BE%E3%81%99%E3%81%A8%E3%81%A9%E3%82%93%E3%81%A1%E3%81%BB%E3%83%BC					
1	kemonodon.club	kemonodon.club	#fff	#26a	https://wee.jp/i/1.png	18	ä»£æ›¿icon	https://ja.mstdn.wiki/Kemonodon.club					
1	kemoshi.co	kemoshi.co	#fff	#26a	https://wee.jp/i/1.png	18	ä»£æ›¿icon	https://ja.mstdn.wiki/Kemoshi.co					
1	mstdn.kessai-otaku.club	mstdn.kessai-otaku.club	#fff	#26a	https://wee.jp/i/1.png	18	ä»£æ›¿icon						
1	now.kibousoft.co.jp	now.kibousoft.co.jp	#fff	#26a	https://wee.jp/i/1.png	18	ä»£æ›¿icon	https://ja.mstdn.wiki/Kibousoft_Now					
1	social.kimamass.com	social.kimamass.com	#fff	#26a	https://wee.jp/i/1.png	18	ä»£æ›¿icon						
1	kirishima.cloud	kirishima.cloud	#fff	#26a	https://wee.jp/i/1.png	18	ä»£æ›¿icon	https://ja.mstdn.wiki/Kirishima.cloud					
1	kiritan.work	kiritan.work	#fff	#26a	https://wee.jp/i/1.png	18	ä»£æ›¿icon	https://ja.mstdn.wiki/Kiritan.work					
1	mastodon.kxn4t.tech	mastodon.kxn4t.tech	#fff	#26a	https://wee.jp/i/1.png	18	ä»£æ›¿icon						
1	mn.kitetu.com	mn.kitetu.com	#fff	#26a	https://wee.jp/i/1.png	18	ä»£æ›¿icon						
1	mstdn.klamath.jp	mstdn.klamath.jp	#fff	#26a	https://wee.jp/i/1.png	18	ä»£æ›¿icon						
1	knzk.me	knzk.me	#fff	#26a	https://wee.jp/i/1.png	18	ä»£æ›¿icon	https://dic.nicovideo.jp/id/5482954					
1	h.kokuda.org	h.kokuda.org	#fff	#26a	https://wee.jp/i/1.png	18	ä»£æ›¿icon						
1	kurage.cc	kurage.cc	#fff	#26a	https://wee.jp/i/1.png	18	ä»£æ›¿icon	https://ja.mstdn.wiki/Kurage.cc					
1	mstdn.kuriuzu.tk	mstdn.kuriuzu.tk	#fff	#26a	https://wee.jp/i/1.png	18	ä»£æ›¿icon						
1	mstdn.kurosuke.org	mstdn.kurosuke.org	#fff	#26a	https://wee.jp/i/1.png	18	ä»£æ›¿icon						
1	LIBERA S2	s2.libera.blue	#fff	#004ea2	https://wee.jp/i/1.png	18	ä»£æ›¿icon		https://s2.libera.blue/@Telmina/101233453464838392		https://archive.fo/E7683		
1	mastodon.lithium03.info	mastodon.lithium03.info	#fff	#26a	https://wee.jp/i/1.png	18	ä»£æ›¿icon						
1	toot.loner.jp	toot.loner.jp	#fff	#26a	https://wee.jp/i/1.png	18	ä»£æ›¿icon						
1	å››å›½ä¸¼	shikokudon.m.to	#fff	#383	https://wee.jp/i/1.png	18	ä»£æ›¿icon	https://ja.mstdn.wiki/Shikokudon.m.to					
1	tebukuro.m.to	tebukuro.m.to	#fff	#26a	https://wee.jp/i/1.png	18	ä»£æ›¿icon						
1	tokotodon.m.to	tokotodon.m.to	#fff	#26a	https://wee.jp/i/1.png	18	ä»£æ›¿icon						
1	wasaradan.m.to	wasaradan.m.to	#fff	#26a	https://wee.jp/i/1.png	18	ä»£æ›¿icon	https://ja.mstdn.wiki/%E3%83%AF%E3%82%B5%E3%83%A9%E3%83%80%E3%83%B3					
1	don.m2hq.net	don.m2hq.net	#fff	#26a	https://wee.jp/i/1.png	18	ä»£æ›¿icon						
1	machida.yokohama	machida.yokohama	#fff	#26a	https://wee.jp/i/1.png	18	ä»£æ›¿icon						
1	maho.app	maho.app	#fff	#26a	https://wee.jp/i/1.png	18	ä»£æ›¿icon						
1	makimaki.jp	makimaki.jp	#fff	#26a	https://wee.jp/i/1.png	18	ä»£æ›¿icon						
1	don.mamemo.online	don.mamemo.online	#fff	#26a	https://wee.jp/i/1.png	18	ä»£æ›¿icon						
1	moriyakidon.mamemo.online	moriyakidon.mamemo.online	#fff	#26a	https://wee.jp/i/1.png	18	ä»£æ›¿icon						
1	raspidon.mamemo.online	raspidon.mamemo.online	#fff	#26a	https://wee.jp/i/1.png	18	ä»£æ›¿icon						
1	manhole.club	manhole.club	#fff	#26a	https://wee.jp/i/1.png	18	ä»£æ›¿icon						
1	Tekkadon (ä¸‰æµ¦åŠå³¶)	tekkadon.manimani.cc	#fff	#383	https://wee.jp/i/1.png	18	ä»£æ›¿icon						
1	mast.moe	mast.moe	#fff	#26a	https://wee.jp/i/1.png	18	ä»£æ›¿icon						
1	mastadon.jp	mastadon.jp	#fff	#26a	https://wee.jp/i/1.png	18	ä»£æ›¿icon						
1	k-shiigi-136.masto.host	k-shiigi-136.masto.host	#fff	#26a	https://wee.jp/i/1.png	18	ä»£æ›¿icon						
1	okadon.masto.host	okadon.masto.host	#fff	#26a	https://wee.jp/i/1.png	18	ä»£æ›¿icon						
1	porkmeeting.masto.host	porkmeeting.masto.host	#fff	#26a	https://wee.jp/i/1.png	18	ä»£æ›¿icon						
1	wndp.masto.host	wndp.masto.host	#fff	#26a	https://wee.jp/i/1.png	18	ä»£æ›¿icon						
1	zhenya.masto.host	zhenya.masto.host	#fff	#26a	https://wee.jp/i/1.png	18	ä»£æ›¿icon						
1	mastoden.com	mastoden.com	#fff	#26a	https://wee.jp/i/1.png	18	ä»£æ›¿icon						
1	mastodol.jp	mastodol.jp	#fff	#26a	https://wee.jp/i/1.png	18	ä»£æ›¿icon						
1	mastodon-train.info	mastodon-train.info	#fff	#26a	https://wee.jp/i/1.png	18	ä»£æ›¿icon						
1	mastodon.kitchen	mastodon.kitchen	#fff	#26a	https://wee.jp/i/1.png	18	ä»£æ›¿icon						
1	mastodon.to	mastodon.to	#fff	#26a	https://wee.jp/i/1.png	18	ä»£æ›¿icon						
1	æ¨ªæµœ	mastodon.yokohama	#fff	#383	https://wee.jp/i/1.png	18	ä»£æ›¿icon	https://ja.mstdn.wiki/Mastodon.yokohama					
1	mastodooooooon.xyz	mastodooooooon.xyz	#fff	#26a	https://wee.jp/i/1.png	18	ä»£æ›¿icon						
1	ãƒã‚¹ãƒˆã©ã™ (äº¬éƒ½)	mastodos.com	#fff	#383	https://wee.jp/i/1.png	18	ä»£æ›¿icon	https://ja.mstdn.wiki/%E3%83%9E%E3%82%B9%E3%83%88%E3%81%A9%E3%81%99					
1	animal-crossing.mastportal.info	animal-crossing.mastportal.info	#fff	#26a	https://wee.jp/i/1.png	18	ä»£æ›¿icon	https://ja.mstdn.wiki/Animal-crossing.mastportal.info					
1	azurlane.mastportal.info	azurlane.mastportal.info	#fff	#26a	https://wee.jp/i/1.png	18	ä»£æ›¿icon						
1	osomatsu.mastportal.info	osomatsu.mastportal.info	#fff	#26a	https://wee.jp/i/1.png	18	ä»£æ›¿icon	https://ja.mstdn.wiki/%E3%83%9E%E3%82%B9%E3%83%88%E3%83%9D%E3%83%BC%E3%82%BF%E3%83%AB					
1	pokemon.mastportal.info	pokemon.mastportal.info	#fff	#26a	https://wee.jp/i/1.png	18	ä»£æ›¿icon	https://ja.mstdn.wiki/%E3%83%9D%E3%82%B1%E3%83%9E%E3%82%B9					
1	mastodon.matcha-soft.com	mastodon.matcha-soft.com	#fff	#26a	https://wee.jp/i/1.png	18	ä»£æ›¿icon						
1	mathtod.online	mathtod.online	#fff	#26a	https://wee.jp/i/1.png	18	ä»£æ›¿icon						
1	matitodon.com	matitodon.com	#fff	#26a	https://wee.jp/i/1.png	18	ä»£æ›¿icon	https://ja.mstdn.wiki/%E3%81%BE%E3%81%A1%E3%83%88%E3%83%89%E3%83%B3					
1	mstdn.maud.io	mstdn.maud.io	#fff	#26a	https://wee.jp/o/maud_io.png	28	Good Boy License + favicon.ico	https://ja.mstdn.wiki/Mstdn.maud.io		https://github.com/Akane-Blue/gallery			
1	melilot.icu	melilot.icu	#fff	#26a	https://wee.jp/i/1.png	18	ä»£æ›¿icon						
1	meganekeesu.tokyo	meganekeesu.tokyo	#fff	#26a	https://wee.jp/i/1.png	18	ä»£æ›¿icon						
1	mental.social	mental.social	#fff	#26a	https://wee.jp/i/1.png	18	ä»£æ›¿icon						
1	obitsudon.midyuki.net	obitsudon.midyuki.net	#fff	#26a	https://wee.jp/i/1.png	18	ä»£æ›¿icon						
1	mikado-city.jp	mikado-city.jp	#fff	#26a	https://wee.jp/i/1.png	18	ä»£æ›¿icon						
1	mikumikudance.cloud	mikumikudance.cloud	#fff	#26a	https://wee.jp/i/1.png	18	ä»£æ›¿icon	https://ja.mstdn.wiki/Mikumikudance.cloud					
1	mstdn.mimikun.jp	mstdn.mimikun.jp	#fff	#26a	https://wee.jp/i/1.png	18	ä»£æ›¿icon						
1	mimumedon.com	mimumedon.com	#fff	#26a	https://wee.jp/i/1.png	18	ä»£æ›¿icon						
1	ãƒŸãƒ‹å››é§†DON	mstdn.mini4wd-engineer.com	#fff	#26a	https://wee.jp/o/mini4wd.png	32	ç®¡ç†è€…æå‡º	https://ja.mstdn.wiki/%E3%83%9F%E3%83%8B%E5%9B%9B%E9%A7%86DON	https://mstdn.mini4wd-engineer.com/@kumanotetu/101067852009767326	https://archive.fo/X3zwy	https://archive.fo/X3zwy		
1	ç®•é¢ã©ã‚“ (å¤§é˜ª)	minohdon.jp	#fff	#383	https://wee.jp/i/1.png	18	ä»£æ›¿icon	https://ja.mstdn.wiki/Minohdon.jp					
1	mstdn.misosi.ru	mstdn.misosi.ru	#fff	#26a	https://wee.jp/i/1.png	18	ä»£æ›¿icon						
1	MastoDongene å®®å´	mstdn.miyazaki.jp	#fff	#383	https://wee.jp/i/1.png	18	ä»£æ›¿icon	https://ja.mstdn.wiki/MastoDongene_%E5%AE%AE%E5%B4%8E					
1	mochiwasadon.com	mochiwasadon.com	#fff	#26a	https://wee.jp/i/1.png	18	ä»£æ›¿icon						
1	mstdn.moe-max.jp	mstdn.moe-max.jp	#fff	#26a	https://wee.jp/i/1.png	18	ä»£æ›¿icon						
1	mostodon.cloud	mostodon.cloud	#fff	#26a	https://wee.jp/i/1.png	18	ä»£æ›¿icon	https://ja.mstdn.wiki/Mostodon.cloud					
1	mosw.work	mosw.work	#fff	#26a	https://wee.jp/i/1.png	18	ä»£æ›¿icon						
1	mastodon.motcha.tech	mastodon.motcha.tech	#fff	#26a	https://wee.jp/i/1.png	18	ä»£æ›¿icon	https://ja.mstdn.wiki/Mastodon.motcha.tech					
1	mstdn-amadeus.tech	mstdn-amadeus.tech	#fff	#26a	https://wee.jp/i/1.png	18	ä»£æ›¿icon						
1	mstdn-bike.net	mstdn-bike.net	#fff	#26a	https://wee.jp/i/1.png	18	ä»£æ›¿icon						
1	mstdn-jp.site	mstdn-jp.site	#fff	#26a	https://wee.jp/i/1.png	18	ä»£æ›¿icon						
1	é‡‘æ²¢ä¸¼ (çŸ³å·)	mstdn-kanazawa.jp	#fff	#383	https://wee.jp/i/1.png	18	ä»£æ›¿icon	https://ja.mstdn.wiki/Mstdn-kanazawa.jp					
1	mstdn-workers.com	mstdn-workers.com	#fff	#26a	https://wee.jp/i/1.png	18	ä»£æ›¿icon	https://ja.mstdn.wiki/%E5%8A%B4%E5%83%8D%E8%80%85%E3%81%9F%E3%81%A1%E3%81%AEMastodon					
1	mstdn.beer	mstdn.beer	#fff	#26a	https://wee.jp/i/1.png	18	ä»£æ›¿icon						
1	mstdn.blue	mstdn.blue	#fff	#26a	https://wee.jp/i/1.png	18	ä»£æ›¿icon						
1	mstdn.cc	mstdn.cc	#fff	#26a	https://wee.jp/i/1.png	18	ä»£æ›¿icon						
1	gamecreate.mstdn.cloud	gamecreate.mstdn.cloud	#fff	#26a	https://wee.jp/i/1.png	18	ä»£æ›¿icon	https://ja.mstdn.wiki/Dasoran					
1	socialgame.mstdn.cloud	socialgame.mstdn.cloud	#fff	#26a	https://wee.jp/i/1.png	18	ä»£æ›¿icon	https://ja.mstdn.wiki/Dasoran					
1	tablegame.mstdn.cloud	tablegame.mstdn.cloud	#fff	#26a	https://wee.jp/i/1.png	18	ä»£æ›¿icon	https://ja.mstdn.wiki/%E5%8D%93%E3%82%B2%E7%AE%AA%E7%AC%A5					
1	mstdn.fm	mstdn.fm	#fff	#26a	https://wee.jp/i/1.png	18	ä»£æ›¿icon						
1	mstdn.guru	mstdn.guru	#fff	#26a	https://wee.jp/i/1.png	18	ä»£æ›¿icon	https://ja.mstdn.wiki/Mstdn.guru					
1	mstdn.jp	mstdn.jp	#fff	#26a	https://wee.jp/i/1.png	18	ä»£æ›¿icon	https://ja.mstdn.wiki/Mstdn.jp					
1	mstdn.love	mstdn.love	#fff	#26a	https://wee.jp/i/1.png	18	ä»£æ›¿icon	https://ja.mstdn.wiki/Mstdn.love					
1	å¤§é˜ªä¸¼	mstdn.osaka	#fff	#383	https://wee.jp/i/1.png	18	ä»£æ›¿icon	https://ja.mstdn.wiki/Mstdn.osaka					
1	MastodonTokyo	mstdn.tokyo	#fff	#383	https://wee.jp/i/1.png	18	ä»£æ›¿icon	https://ja.mstdn.wiki/Mastodon.tokyo					
1	mstdn.vodka	mstdn.vodka	#fff	#26a	https://wee.jp/i/1.png	18	ä»£æ›¿icon						
1	nt.mstdon.app	nt.mstdon.app	#fff	#26a	https://wee.jp/i/1.png	18	ä»£æ›¿icon						
1	rcj.mstdon.app	rcj.mstdon.app	#fff	#26a	https://wee.jp/i/1.png	18	ä»£æ›¿icon						
1	muknown.jp	muknown.jp	#fff	#26a	https://wee.jp/i/1.png	18	ä»£æ›¿icon						
1	mustardon.tokyo	mustardon.tokyo	#fff	#26a	https://wee.jp/i/1.png	18	ä»£æ›¿icon						
1	ef67.myhome.cx	ef67.myhome.cx	#fff	#26a	https://wee.jp/i/1.png	18	ä»£æ›¿icon						
1	mstdn.mynoghra.jp	mstdn.mynoghra.jp	#fff	#26a	https://wee.jp/i/1.png	18	ä»£æ›¿icon						
1	mzn-potatochips.me	mzn-potatochips.me	#fff	#26a	https://wee.jp/i/1.png	18	ä»£æ›¿icon						
1	åå¤å±‹ä¸¼	nagoyadon.jp	#fff	#383	https://wee.jp/i/1.png	18	ä»£æ›¿icon	https://ja.mstdn.wiki/%E5%90%8D%E5%8F%A4%E5%B1%8B%E4%B8%BC					
1	ne.codes	ne.codes	#fff	#26a	https://wee.jp/i/1.png	18	ä»£æ›¿icon						
1	nekotodon.com	www.nekotodon.com	#fff	#26a	https://wee.jp/i/1.png	18	ä»£æ›¿icon						
1	nekotodon.com	nekotodon.com	#fff	#26a	https://wee.jp/i/1.png	18	ä»£æ›¿icon						
1	é¹¿ãƒˆãƒ‰ãƒ³ (å¥ˆè‰¯)	mastodon.nara.jp	#fff	#383	https://wee.jp/i/1.png	18	ä»£æ›¿icon	https://ja.mstdn.wiki/Mastodon.nara.jp					
1	nayukana.info	nayukana.info	#fff	#26a	https://wee.jp/i/1.png	18	ä»£æ›¿icon						
1	mstdn.nekonote.cc	mstdn.nekonote.cc	#fff	#26a	https://wee.jp/i/1.png	18	ä»£æ›¿icon						
1	mstdn.nere9.help	mstdn.nere9.help	#fff	#26a	https://wee.jp/i/1.png	18	ä»£æ›¿icon	https://ja.mstdn.wiki/Mstdn.nere9.help					
1	don.neso.tech	don.neso.tech	#fff	#26a	https://wee.jp/i/1.png	18	ä»£æ›¿icon						
1	netstat.app	netstat.app	#fff	#26a	https://wee.jp/i/1.png	18	ä»£æ›¿icon						
1	mstdn.nil.nu	mstdn.nil.nu	#fff	#26a	https://wee.jp/i/1.png	18	ä»£æ›¿icon	https://ja.mstdn.wiki/Mastodon.nil.nu					
1	nitiasa.com	nitiasa.com	#fff	#26a	https://wee.jp/i/1.png	18	ä»£æ›¿icon						
1	www.njp.asia	www.njp.asia	#fff	#26a	https://wee.jp/i/1.png	18	ä»£æ›¿icon						
1	mastodon.noraworld.jp	mastodon.noraworld.jp	#fff	#26a	https://wee.jp/i/1.png	18	ä»£æ›¿icon						
1	v2.nyoki.club	v2.nyoki.club	#fff	#26a	https://wee.jp/i/1.png	18	ä»£æ›¿icon						
1	don.nzws.me	don.nzws.me	#fff	#26a	https://wee.jp/i/1.png	18	ä»£æ›¿icon						
1	md.objektiv2.net	md.objektiv2.net	#fff	#26a	https://wee.jp/i/1.png	18	ä»£æ›¿icon						
1	å°ç”°æ€¥don	odakyu.app	#fff	#383	https://wee.jp/i/1.png	18	ä»£æ›¿icon	https://ja.mstdn.wiki/%E5%B0%8F%E7%94%B0%E6%80%A5don					
1	Mastodon å¤§åˆ†	mastodon.oita.jp	#fff	#383	https://wee.jp/i/1.png	18	ä»£æ›¿icon	https://ja.mstdn.wiki/Mastodon.oita.jp					
1	omochi.xyz	omochi.xyz	#fff	#26a	https://wee.jp/i/1.png	18	ä»£æ›¿icon						
1	m6n.onsen.tech	m6n.onsen.tech	#fff	#26a	https://wee.jp/i/1.png	18	ä»£æ›¿icon	https://ja.mstdn.wiki/Mastodon_Onsen					
1	oransns.com	oransns.com	#fff	#26a	https://wee.jp/i/1.png	18	ä»£æ›¿icon	https://ja.mstdn.wiki/Oransns.com					
1	orenoshiro.site	orenoshiro.site	#fff	#26a	https://wee.jp/i/1.png	18	ä»£æ›¿icon						
1	mastodon.osyakasyama.me	mastodon.osyakasyama.me	#fff	#26a	https://wee.jp/i/1.png	18	ä»£æ›¿icon						
1	otogamer.me	otogamer.me	#fff	#26a	https://wee.jp/i/1.png	18	ä»£æ›¿icon	https://ja.mstdn.wiki/Otogamer.me					
1	otoya.space	otoya.space	#fff	#26a	https://wee.jp/i/1.png	18	ä»£æ›¿icon	https://ja.mstdn.wiki/%E9%9F%B3%E5%B1%8B%E4%B8%BC					
1	mstdn.otyakai.xyz	mstdn.otyakai.xyz	#fff	#26a	https://wee.jp/i/1.png	18	ä»£æ›¿icon						
1	pao.moe	pao.moe	#fff	#26a	https://wee.jp/i/1.png	18	ä»£æ›¿icon						
1	md.paoon.social	md.paoon.social	#fff	#26a	https://wee.jp/i/1.png	18	ä»£æ›¿icon						
1	music.pawoo.net	music.pawoo.net	#fff	#26a	https://wee.jp/i/1.png	18	ä»£æ›¿icon	https://ja.mstdn.wiki/Pawoo_Music					
1	pawoo.net	pawoo.net	#fff	#26a	https://wee.jp/i/1.png	18	ä»£æ›¿icon	https://ja.mstdn.wiki/Pawoo					
1	pcgamer.social	pcgamer.social	#fff	#26a	https://wee.jp/i/1.png	18	ä»£æ›¿icon						
1	pekepeke.work	pekepeke.work	#fff	#26a	https://wee.jp/i/1.png	18	ä»£æ›¿icon						
1	photodn.net	photodn.net	#fff	#26a	https://wee.jp/i/1.png	18	ä»£æ›¿icon						
1	plasticmodels.tokyo	plasticmodels.tokyo	#fff	#26a	https://wee.jp/i/1.png	18	ä»£æ›¿icon						
1	toot.playground.ws	toot.playground.ws	#fff	#26a	https://wee.jp/i/1.png	18	ä»£æ›¿icon						
1	mstdn.plusminus.io	mstdn.plusminus.io	#fff	#26a	https://wee.jp/i/1.png	18	ä»£æ›¿icon						
1	+Plustodon	plustodon.net	#fff	#db4437	https://wee.jp/o/plustodon.png	17	ç®¡ç†è€…æå‡º(PDå®£è¨€)		https://plustodon.net/@akyoz/101237916976159149	https://archive.fo/m90Tn	https://archive.fo/m90Tn		
1	ğŸ’Œç§ä¿¡	si.pmpm.pw	#000	#fff,#fff	https://wee.jp/i/1.png	18	ä»£æ›¿icon				https://archive.fo/mJSSm		
1	pomdon.top	pomdon.top	#fff	#26a	https://wee.jp/i/1.png	18	ä»£æ›¿icon						
1	mstdn.ponseta.ga	mstdn.ponseta.ga	#fff	#26a	https://wee.jp/i/1.png	18	ä»£æ›¿icon						
1	mastodon.potproject.net	mastodon.potproject.net	#fff	#26a	https://wee.jp/i/1.png	18	ä»£æ›¿icon						
1	mstdn.poyo.me	mstdn.poyo.me	#fff	#26a	https://wee.jp/i/1.png	18	ä»£æ›¿icon	https://ja.mstdn.wiki/Poyo.me					
1	popon.pptdn.jp	popon.pptdn.jp	#fff	#fb5	https://wee.jp/i/1.png	18	ä»£æ›¿icon		https://popon.pptdn.jp/@popn_ja/101165403426828050		https://archive.fo/mxgsH		
1	mstdn.precure.fun	mstdn.precure.fun	#fff	#26a	https://wee.jp/i/1.png	18	ä»£æ›¿icon						
1	precure.ml	precure.ml	#fff	#26a	https://wee.jp/i/1.png	18	ä»£æ›¿icon	https://ja.mstdn.wiki/Precure.ml					
1	pso2.club	pso2.club	#fff	#26a	https://wee.jp/i/1.png	18	ä»£æ›¿icon						
1	ro-mastodon.puyo.jp	ro-mastodon.puyo.jp	#fff	#26a	https://wee.jp/i/1.png	18	ä»£æ›¿icon	https://ja.mstdn.wiki/RO%E4%B8%BC					
1	qiitadon.com	qiitadon.com	#fff	#26a	https://wee.jp/i/1.png	18	ä»£æ›¿icon						
1	qnmd.info	qnmd.info	#fff	#26a	https://wee.jp/i/1.png	18	ä»£æ›¿icon						
1	ika.queloud.net	ika.queloud.net	#fff	#26a	https://wee.jp/i/1.png	18	ä»£æ›¿icon						
1	rainyman.jp	rainyman.jp	#fff	#26a	https://wee.jp/i/1.png	18	ä»£æ›¿icon						
1	raptol.net	raptol.net	#fff	#26a	https://wee.jp/i/1.png	18	ä»£æ›¿icon						
1	real-escape.jp	real-escape.jp	#fff	#26a	https://wee.jp/i/1.png	18	ä»£æ›¿icon						
1	toot.redmine.jp	toot.redmine.jp	#fff	#26a	https://wee.jp/i/1.png	18	ä»£æ›¿icon						
1	mstdn.res.ac	mstdn.res.ac	#fff	#26a	https://wee.jp/i/1.png	18	ä»£æ›¿icon						
1	mstdn.rinsuki.net	mstdn.rinsuki.net	#fff	#26a	https://wee.jp/i/1.png	18	ä»£æ›¿icon						
1	mstdn.ropo.jp	mstdn.ropo.jp	#fff	#26a	https://wee.jp/i/1.png	18	ä»£æ›¿icon						
1	mstdn.ryanak.xyz	mstdn.ryanak.xyz	#fff	#26a	https://wee.jp/i/1.png	18	ä»£æ›¿icon						
1	mstdn.ryecroft21.net	mstdn.ryecroft21.net	#fff	#26a	https://wee.jp/i/1.png	18	ä»£æ›¿icon						
1	å±±é™°äº¤é€šä¸¼	mstdn.sanin.link	#fff	#383	https://wee.jp/i/1.png	18	ä»£æ›¿icon	https://ja.mstdn.wiki/%E5%B1%B1%E9%99%B0%E4%BA%A4%E9%80%9A%E4%B8%BC					
1	mstdn.sasachi.tokyo	mstdn.sasachi.tokyo	#fff	#26a	https://wee.jp/i/1.png	18	ä»£æ›¿icon						
1	mstdn.schoolidol.club	mstdn.schoolidol.club	#fff	#26a	https://wee.jp/i/1.png	18	ä»£æ›¿icon						
1	seetake.net	seetake.net	#fff	#26a	https://wee.jp/i/1.png	18	ä»£æ›¿icon						
1	setl.ist	setl.ist	#fff	#26a	https://wee.jp/i/1.png	18	ä»£æ›¿icon						
1	ukadon.shillest.net	ukadon.shillest.net	#fff	#26a	https://wee.jp/i/1.png	18	ä»£æ›¿icon						
1	shimaidon.net	shimaidon.net	#fff	#26a	https://wee.jp/i/1.png	18	ä»£æ›¿icon						
1	shiroganedon.net	shiroganedon.net	#fff	#26a	https://wee.jp/i/1.png	18	ä»£æ›¿icon						
1	sandbox.skoji.jp	sandbox.skoji.jp	#fff	#26a	https://wee.jp/i/1.png	18	ä»£æ›¿icon						
1	mastodon.snowandtweet.jp	mastodon.snowandtweet.jp	#fff	#26a	https://wee.jp/i/1.png	18	ä»£æ›¿icon	https://ja.mstdn.wiki/Mastodon.snowandtweet.jp					
1	mstdn.soysoftware.net	mstdn.soysoftware.net	#fff	#26a	https://wee.jp/i/1.png	18	ä»£æ›¿icon						
1	mstdn.square-rooty.org	mstdn.square-rooty.org	#fff	#26a	https://wee.jp/i/1.png	18	ä»£æ›¿icon						
1	steam-don.fun	steam-don.fun	#fff	#26a	https://wee.jp/i/1.png	18	ä»£æ›¿icon						
1	stellaria.network	stellaria.network	#fff	#26a	https://wee.jp/i/1.png	18	ä»£æ›¿icon						
1	sukebeneko.com	sukebeneko.com	#fff	#26a	https://wee.jp/i/1.png	18	ä»£æ›¿icon						
1	mstdn.sublimer.me	mstdn.sublimer.me	#fff	#26a	https://wee.jp/i/1.png	18	ä»£æ›¿icon						
1	mstdn.superspeed-fall.com	mstdn.superspeed-fall.com	#fff	#26a	https://wee.jp/i/1.png	18	ä»£æ›¿icon						
1	don.suwa3.me	don.suwa3.me	#fff	#26a	https://wee.jp/i/1.png	18	ä»£æ›¿icon						
1	syasai.club	syasai.club	#fff	#26a	https://wee.jp/i/1.png	18	ä»£æ›¿icon						
1	syosetu.social	syosetu.social	#fff	#26a	https://wee.jp/i/1.png	18	ä»£æ›¿icon						
1	hack.syscaller.jp	hack.syscaller.jp	#fff	#26a	https://wee.jp/i/1.png	18	ä»£æ›¿icon						
1	mastodon.tackman.info	mastodon.tackman.info	#fff	#26a	https://wee.jp/i/1.png	18	ä»£æ›¿icon						
1	ãŸã„ã‚„ãã‚“å®¶	mstdn.taiyaki.online	#fff	#c4972f	https://wee.jp/o/taiyaki.png	17	ç®¡ç†è€…æå‡º			https://archive.fo/APzOV	https://archive.fo/oKQyA		
1	mstdn.tamag.org	mstdn.tamag.org	#fff	#26a	https://wee.jp/i/1.png	18	ä»£æ›¿icon						
1	taruntarun.net	taruntarun.net	#fff	#26a	https://wee.jp/i/1.png	18	ä»£æ›¿icon						
1	tebukuro.pw	tebukuro.pw	#fff	#26a	https://wee.jp/i/1.png	18	ä»£æ›¿icon						
1	ã¦ã’ã©ã‚“ (é¹¿å…å³¶)	tegedon.net	#fff	#383	https://wee.jp/i/1.png	18	ä»£æ›¿icon	https://ja.mstdn.wiki/Tegedon					
1	Telmina One	one.telmina.com	#fff	#008060	https://wee.jp/i/1.png	18	ä»£æ›¿icon						
1	terusid.com	terusid.com	#fff	#26a	https://wee.jp/i/1.png	18	ä»£æ›¿icon						
1	social.timespiral.co.jp	social.timespiral.co.jp	#fff	#26a	https://wee.jp/i/1.png	18	ä»£æ›¿icon						
1	mastodon.tmp1024.com	mastodon.tmp1024.com	#fff	#26a	https://wee.jp/i/1.png	18	ä»£æ›¿icon						
1	mstdn.toad-in-the-hole.net	mstdn.toad-in-the-hole.net	#fff	#26a	https://wee.jp/i/1.png	18	ä»£æ›¿icon						
1	mstd.toco2.fun	mstd.toco2.fun	#fff	#26a	https://wee.jp/i/1.png	18	ä»£æ›¿icon						
1	åæ—¥ç”ºå¸‚ (æ–°æ½Ÿ)	tokamstdn.jp	#fff	#383	https://wee.jp/i/1.png	18	ä»£æ›¿icon	https://ja.mstdn.wiki/%E5%8D%81%E6%97%A5%E7%94%BA%E5%B8%82%E3%81%AEMastodon					
1	mstdn.tokyocameraclub.com	mstdn.tokyocameraclub.com	#fff	#26a	https://wee.jp/i/1.png	18	ä»£æ›¿icon						
1	mstdn.tomokiwakimoto.com	mstdn.tomokiwakimoto.com	#fff	#26a	https://wee.jp/i/1.png	18	ä»£æ›¿icon						
1	toot.blue	toot.blue	#fff	#26a	https://wee.jp/i/1.png	18	ä»£æ›¿icon						
1	tooting.ai	tooting.ai	#fff	#26a	https://wee.jp/i/1.png	18	ä»£æ›¿icon						
1	tsuki.network	tsuki.network	#fff	#26a	https://wee.jp/i/1.png	18	ä»£æ›¿icon						
1	sin.tyaku.com	sin.tyaku.com	#fff	#26a	https://wee.jp/i/1.png	18	ä»£æ›¿icon						
1	mastodon.umikaki.net	mastodon.umikaki.net	#fff	#26a	https://wee.jp/i/1.png	18	ä»£æ›¿icon						
1	mstdn.unasuke.com	mstdn.unasuke.com	#fff	#26a	https://wee.jp/i/1.png	18	ä»£æ›¿icon						
1	under-bank.blue	under-bank.blue	#fff	#26a	https://wee.jp/i/1.png	18	ä»£æ›¿icon						
1	mstdn.unigiri.net	mstdn.unigiri.net	#fff	#26a	https://wee.jp/i/1.png	18	ä»£æ›¿icon						
1	unnerv.jp	unnerv.jp	#fff	#e12	https://wee.jp/i/1.png	18	ä»£æ›¿icon	https://ja.mstdn.wiki/Unnerv.jp					
1	m.upsilo.net	m.upsilo.net	#fff	#26a	https://wee.jp/i/1.png	18	ä»£æ›¿icon						
1	utodon.jp	utodon.jp	#fff	#26a	https://wee.jp/i/1.png	18	ä»£æ›¿icon	https://ja.mstdn.wiki/UTodon					
1	v1x3n.net	v1x3n.net	#fff	#26a	https://wee.jp/i/1.png	18	ä»£æ›¿icon	https://ja.mstdn.wiki/V1x3n.net					
1	vapers.jp	vapers.jp	#fff	#26a	https://wee.jp/i/1.png	18	ä»£æ›¿icon						
1	vmrpc.net	vmrpc.net	#fff	#26a	https://wee.jp/i/1.png	18	ä»£æ›¿icon						
1	vocalodon.net	vocalodon.net	#fff	#399,#488	https://wee.jp/i/1.png	18	ä»£æ›¿icon	https://ja.mstdn.wiki/Vocalodon					
1	ã‚ã‹ãã‚…ãƒ¼don	wakakyu.tk	#fff	#26a	https://wee.jp/i/1.png	18	ä»£æ›¿icon						
1	waraiotoko.net	waraiotoko.net	#fff	#26a	https://wee.jp/i/1.png	18	ä»£æ›¿icon						
1	at.weep.jp	at.weep.jp	#fff	#26a	https://wee.jp/i/1.png	18	ä»£æ›¿icon						
1	wlw.pw	wlw.pw	#fff	#26a	https://wee.jp/i/1.png	18	ä»£æ›¿icon						
1	wug.fun	wug.fun	#fff	#26a	https://wee.jp/i/1.png	18	ä»£æ›¿icon	https://ja.mstdn.wiki/Wugtodon					
1	mstdn.ÑÑƒĞ¼Ğ¸Ñ€Ñ.Ñ€Ñ„	mstdn.xn--h1ahnbk7d.xn--p1ai	#fff	#26a	https://wee.jp/i/1.png	18	ä»£æ›¿icon						
1	ãƒã‚¹ãƒˆãƒ‰ãƒ³.jp	xn--zck4ad5f2e.jp	#fff	#26a	https://wee.jp/i/1.png	18	ä»£æ›¿icon	https://ja.mstdn.wiki/%E3%83%9E%E3%82%B9%E3%83%88%E3%83%89%E3%83%B3.jp					
1	md.xps2.net	md.xps2.net	#fff	#26a	https://wee.jp/i/1.png	18	ä»£æ›¿icon						
1	mstdn.y-zu.org	mstdn.y-zu.org	#fff	#26a	https://wee.jp/i/1.png	18	ä»£æ›¿icon	https://ja.mstdn.wiki/Mstdn.y-zu.org					
1	mstdn.yakitamago.info	mstdn.yakitamago.info	#fff	#26a	https://wee.jp/i/1.png	18	ä»£æ›¿icon						
1	yakumo.foundation	yakumo.foundation	#fff	#26a	https://wee.jp/i/1.png	18	ä»£æ›¿icon						
1	mastodon.yamaken.jp	mastodon.yamaken.jp	#fff	#26a	https://wee.jp/i/1.png	18	ä»£æ›¿icon						
1	mstdn.ybk28.net	mstdn.ybk28.net	#fff	#26a	https://wee.jp/i/1.png	18	ä»£æ›¿icon						
1	mstdn.yjsnpi.nu	mstdn.yjsnpi.nu	#fff	#26a	https://wee.jp/i/1.png	18	ä»£æ›¿icon	https://ja.mstdn.wiki/Mastodon%E6%B7%AB%E5%A4%A2					
1	ykzts.technology	ykzts.technology	#fff	#26a	https://wee.jp/i/1.png	18	ä»£æ›¿icon						
1	yukari.cafe	yukari.cafe	#fff	#26a	https://wee.jp/i/1.png	18	ä»£æ›¿icon						
1	toot.yukimochi.jp	toot.yukimochi.jp	#fff	#26a	https://wee.jp/i/1.png	18	ä»£æ›¿icon	https://ja.mstdn.wiki/%E9%9B%AA%E9%A4%85					
1	yysk.icu	yysk.icu	#fff	#26a	https://wee.jp/i/1.png	18	ä»£æ›¿icon						
1	zaisu-club.xyz	zaisu-club.xyz	#fff	#26a	https://wee.jp/i/1.png	18	ä»£æ›¿icon						
1	mastodon.zunda.ninja	mastodon.zunda.ninja	#fff	#26a	https://wee.jp/i/1.png	18	ä»£æ›¿icon						
2	4eva.online	4eva.online	#fff	#46a	https://wee.jp/i/2.png	18	ä»£æ›¿icon						
2	ramses.amicidelbaretto.org	ramses.amicidelbaretto.org	#fff	#46a	https://wee.jp/i/2.png	18	ä»£æ›¿icon						
2	animeisgay.com	animeisgay.com	#fff	#46a	https://wee.jp/i/2.png	18	ä»£æ›¿icon						
2	appdot.net	appdot.net	#fff	#46a	https://wee.jp/i/2.png	18	ä»£æ›¿icon						
2	aus.social	aus.social	#fff	#46a	https://wee.jp/i/2.png	18	ä»£æ›¿icon						
2	ausglam.space	ausglam.space	#fff	#46a	https://wee.jp/i/2.png	18	ä»£æ›¿icon						
2	social.avareborn.de	social.avareborn.de	#fff	#46a	https://wee.jp/i/2.png	18	ä»£æ›¿icon						
2	awooo.club	awooo.club	#fff	#46a	https://wee.jp/i/2.png	18	ä»£æ›¿icon						
2	banana.dog	banana.dog	#fff	#46a	https://wee.jp/i/2.png	18	ä»£æ›¿icon						
2	bangdream.space	bangdream.space	#fff	#46a	https://wee.jp/i/2.png	18	ä»£æ›¿icon						
2	mastodon.barkshark.tk	mastodon.barkshark.tk	#fff	#46a	https://wee.jp/i/2.png	18	ä»£æ›¿icon						
2	beach.city	beach.city	#fff	#46a	https://wee.jp/i/2.png	18	ä»£æ›¿icon						
2	bibeogaem.zone	bibeogaem.zone	#fff	#46a	https://wee.jp/i/2.png	18	ä»£æ›¿icon						
2	mastodon.bida.im	mastodon.bida.im	#fff	#46a	https://wee.jp/i/2.png	18	ä»£æ›¿icon						
2	birdsite.link	birdsite.link	#fff	#46a	https://wee.jp/i/2.png	18	ä»£æ›¿icon						
2	botsin.space	botsin.space	#fff	#46a	https://wee.jp/i/2.png	18	ä»£æ›¿icon						
2	bsd.network	bsd.network	#fff	#46a	https://wee.jp/i/2.png	18	ä»£æ›¿icon						
2	chat.cdstm.ch	chat.cdstm.ch	#fff	#46a	https://wee.jp/i/2.png	18	ä»£æ›¿icon						
2	chaos.social	chaos.social	#fff	#46a	https://wee.jp/i/2.png	18	ä»£æ›¿icon						
2	chitter.xyz	chitter.xyz	#fff	#46a	https://wee.jp/i/2.png	18	ä»£æ›¿icon						
2	é•¿æ¯›è±¡ä¸­æ–‡ç«™	cmx.im	#fff	#46a	https://wee.jp/i/2.png	18	ä»£æ›¿icon	https://ja.mstdn.wiki/Cmx.im					
2	comicscamp.club	comicscamp.club	#fff	#46a	https://wee.jp/i/2.png	18	ä»£æ›¿icon						
2	computerfairi.es	computerfairi.es	#fff	#46a	https://wee.jp/i/2.png	18	ä»£æ›¿icon						
2	cryptids.online	cryptids.online	#fff	#46a	https://wee.jp/i/2.png	18	ä»£æ›¿icon						
2	cybre.space	cybre.space	#fff	#46a	https://wee.jp/i/2.png	18	ä»£æ›¿icon						
2	a.daizhige.org	a.daizhige.org	#fff	#46a	https://wee.jp/i/2.png	18	ä»£æ›¿icon	https://ja.mstdn.wiki/A.daizhige.org					
2	mao.daizhige.org	mao.daizhige.org	#fff	#46a	https://wee.jp/i/2.png	18	ä»£æ›¿icon	https://ja.mstdn.wiki/Mao.daizhige.org					
2	mast.datamol.org	mast.datamol.org	#fff	#46a	https://wee.jp/i/2.png	18	ä»£æ›¿icon						
2	deadinsi.de	deadinsi.de	#fff	#46a	https://wee.jp/i/2.png	18	ä»£æ›¿icon						
2	diaspodon.fr	diaspodon.fr	#fff	#46a	https://wee.jp/i/2.png	18	ä»£æ›¿icon						
2	die-partei.social	die-partei.social	#fff	#46a	https://wee.jp/i/2.png	18	ä»£æ›¿icon						
2	masto.donte.com.br	masto.donte.com.br	#fff	#46a	https://wee.jp/i/2.png	18	ä»£æ›¿icon						
2	donphan.social	donphan.social	#fff	#46a	https://wee.jp/i/2.png	18	ä»£æ›¿icon						
2	social.dropbear.xyz	social.dropbear.xyz	#fff	#46a	https://wee.jp/i/2.png	18	ä»£æ›¿icon						
2	miaou.drycat.fr	miaou.drycat.fr	#fff	#46a	https://wee.jp/i/2.png	18	ä»£æ›¿icon						
2	ehjovan.com	ehjovan.com	#fff	#46a	https://wee.jp/i/2.png	18	ä»£æ›¿icon						
2	eldritch.cafe	eldritch.cafe	#fff	#46a	https://wee.jp/i/2.png	18	ä»£æ›¿icon						
2	elekk.xyz	elekk.xyz	#fff	#46a	https://wee.jp/i/2.png	18	ä»£æ›¿icon						
2	emacsen.net	emacsen.net	#fff	#46a	https://wee.jp/i/2.png	18	ä»£æ›¿icon						
2	equestria.social	equestria.social	#fff	#46a	https://wee.jp/i/2.png	18	ä»£æ›¿icon						
2	mstdn.ernix.jp	mstdn.ernix.jp	#fff	#46a	https://wee.jp/i/2.png	18	ä»£æ›¿icon						
2	mastodon.etalab.gouv.fr	mastodon.etalab.gouv.fr	#fff	#46a	https://wee.jp/i/2.png	18	ä»£æ›¿icon						
2	mast.eu.org	mast.eu.org	#fff	#46a	https://wee.jp/i/2.png	18	ä»£æ›¿icon						
2	fellies.social	fellies.social	#fff	#46a	https://wee.jp/i/2.png	18	ä»£æ›¿icon						
2	fosstodon.org	fosstodon.org	#fff	#46a	https://wee.jp/i/2.png	18	ä»£æ›¿icon						
2	framapiaf.org	framapiaf.org	#fff	#46a	https://wee.jp/i/2.png	18	ä»£æ›¿icon	https://ja.mstdn.wiki/Framapiaf.org					
2	freedom.horse	freedom.horse	#fff	#46a	https://wee.jp/i/2.png	18	ä»£æ›¿icon						
2	freeradical.zone	freeradical.zone	#fff	#46a	https://wee.jp/i/2.png	18	ä»£æ›¿icon						
2	futuregadgetlab.cc	futuregadgetlab.cc	#fff	#46a	https://wee.jp/i/2.png	18	ä»£æ›¿icon						
2	g0v.social	g0v.social	#fff	#46a	https://wee.jp/i/2.png	18	ä»£æ›¿icon						
2	gensokyo.social	gensokyo.social	#fff	#46a	https://wee.jp/i/2.png	18	ä»£æ›¿icon						
2	glaceon.social	glaceon.social	#fff	#46a	https://wee.jp/i/2.png	18	ä»£æ›¿icon						
2	gameliberty.club	gameliberty.club	#fff	#46a	https://wee.jp/i/2.png	18	ä»£æ›¿icon						
2	ephemeral.glitch.social	ephemeral.glitch.social	#fff	#46a	https://wee.jp/i/2.png	18	ä»£æ›¿icon	https://ja.mstdn.wiki/Ephemeral.glitch.social					
2	glitch.social	glitch.social	#fff	#46a	https://wee.jp/i/2.png	18	ä»£æ›¿icon	https://ja.mstdn.wiki/Glitch.social					
2	goblin.camp	goblin.camp	#fff	#46a	https://wee.jp/i/2.png	18	ä»£æ›¿icon						
2	godforsaken.website	godforsaken.website	#fff	#46a	https://wee.jp/i/2.png	18	ä»£æ›¿icon						
2	the.goofs.space	the.goofs.space	#fff	#46a	https://wee.jp/i/2.png	18	ä»£æ›¿icon						
2	gwomp.com	gwomp.com	#fff	#46a	https://wee.jp/i/2.png	18	ä»£æ›¿icon						
2	mastodon.gougere.fr	mastodon.gougere.fr	#fff	#46a	https://wee.jp/i/2.png	18	ä»£æ›¿icon						
2	hellsite.site	hellsite.site	#fff	#46a	https://wee.jp/i/2.png	18	ä»£æ›¿icon						
2	social.homunyan.com	social.homunyan.com	#fff	#46a	https://wee.jp/i/2.png	18	ä»£æ›¿icon						
2	hostux.social	hostux.social	#fff	#46a	https://wee.jp/i/2.png	18	ä»£æ›¿icon						
2	humblr.social	humblr.social	#fff	#46a	https://wee.jp/i/2.png	18	ä»£æ›¿icon						
2	soc.ialis.me	soc.ialis.me	#fff	#46a	https://wee.jp/i/2.png	18	ä»£æ›¿icon						
2	icosahedron.website	icosahedron.website	#fff	#46a	https://wee.jp/i/2.png	18	ä»£æ›¿icon						
2	social.imirhil.fr	social.imirhil.fr	#fff	#46a	https://wee.jp/i/2.png	18	ä»£æ›¿icon						
2	infosec.exchange	infosec.exchange	#fff	#46a	https://wee.jp/i/2.png	18	ä»£æ›¿icon						
2	tooting.intensifi.es	tooting.intensifi.es	#fff	#46a	https://wee.jp/i/2.png	18	ä»£æ›¿icon						
2	social.jesuislibre.net	social.jesuislibre.net	#fff	#46a	https://wee.jp/i/2.png	18	ä»£æ›¿icon						
2	jorts.horse	jorts.horse	#fff	#46a	https://wee.jp/i/2.png	18	ä»£æ›¿icon						
2	mastodon.ketchupma.io	mastodon.ketchupma.io	#fff	#46a	https://wee.jp/i/2.png	18	ä»£æ›¿icon						
2	kirakiratter.com	kirakiratter.com	#fff	#46a	https://wee.jp/i/2.png	18	ä»£æ›¿icon	https://ja.mstdn.wiki/Kirakiratter.com					
2	kitty.town	kitty.town	#fff	#46a	https://wee.jp/i/2.png	18	ä»£æ›¿icon						
2	kosmos.social	kosmos.social	#fff	#46a	https://wee.jp/i/2.png	18	ä»£æ›¿icon						
2	layer8.space	layer8.space	#fff	#46a	https://wee.jp/i/2.png	18	ä»£æ›¿icon						
2	lgbt.io	lgbt.io	#fff	#46a	https://wee.jp/i/2.png	18	ä»£æ›¿icon						
2	lgbtq.cool	lgbtq.cool	#fff	#46a	https://wee.jp/i/2.png	18	ä»£æ›¿icon						
2	liberdon.com	liberdon.com	#fff	#46a	https://wee.jp/i/2.png	18	ä»£æ›¿icon						
2	libertalia.world	libertalia.world	#fff	#46a	https://wee.jp/i/2.png	18	ä»£æ›¿icon						
2	social.illegalpornography.com	social.illegalpornography.com	#fff	#46a	https://wee.jp/i/2.png	18	ä»£æ›¿icon						
2	social.linux.pizza	social.linux.pizza	#fff	#46a	https://wee.jp/i/2.png	18	ä»£æ›¿icon						
2	mastodon.lubar.me	mastodon.lubar.me	#fff	#46a	https://wee.jp/i/2.png	18	ä»£æ›¿icon						
2	mamot.fr	mamot.fr	#fff	#46a	https://wee.jp/i/2.png	18	ä»£æ›¿icon	https://ja.mstdn.wiki/Mastory					
2	mastd.racing	mastd.racing	#fff	#46a	https://wee.jp/i/2.png	18	ä»£æ›¿icon						
2	masto.pt	masto.pt	#fff	#46a	https://wee.jp/i/2.png	18	ä»£æ›¿icon	https://ja.mstdn.wiki/Masto.pt					
2	mastodon.art	mastodon.art	#fff	#46a	https://wee.jp/i/2.png	18	ä»£æ›¿icon	https://ja.mstdn.wiki/Mastodon.ART					
2	mastodon.at	mastodon.at	#fff	#46a	https://wee.jp/i/2.png	18	ä»£æ›¿icon						
2	mastodon.cloud	mastodon.cloud	#fff	#46a	https://wee.jp/i/2.png	18	ä»£æ›¿icon	https://ja.mstdn.wiki/Mastodon.cloud					
2	mastodon.club	mastodon.club	#fff	#46a	https://wee.jp/i/2.png	18	ä»£æ›¿icon						
2	mastodon.eus	mastodon.eus	#fff	#46a	https://wee.jp/i/2.png	18	ä»£æ›¿icon						
2	mastodon.host	mastodon.host	#fff	#46a	https://wee.jp/i/2.png	18	ä»£æ›¿icon	https://ja.mstdn.wiki/Mastodon.host					
2	mastodon.sk	mastodon.sk	#fff	#46a	https://wee.jp/i/2.png	18	ä»£æ›¿icon						
2	mastodon.social	mastodon.social	#fff	#46a	https://wee.jp/i/2.png	18	ä»£æ›¿icon	https://ja.mstdn.wiki/Mastodon.social					
2	mastodon.technology	mastodon.technology	#fff	#46a	https://wee.jp/i/2.png	18	ä»£æ›¿icon						
2	mastodon.uno	mastodon.uno	#fff	#46a	https://wee.jp/i/2.png	18	ä»£æ›¿icon						
2	mastodon.xyz	mastodon.xyz	#fff	#46a	https://wee.jp/i/2.png	18	ä»£æ›¿icon	https://ja.mstdn.wiki/Mastodon.xyz					
2	mastodont.cat	mastodont.cat	#fff	#46a	https://wee.jp/i/2.png	18	ä»£æ›¿icon						
2	meemu.org	meemu.org	#fff	#46a	https://wee.jp/i/2.png	18	ä»£æ›¿icon						
2	monads.online	monads.online	#fff	#46a	https://wee.jp/i/2.png	18	ä»£æ›¿icon						
2	monsterpit.net	monsterpit.net	#fff	#46a	https://wee.jp/i/2.png	18	ä»£æ›¿icon						
2	moytura.org	moytura.org	#fff	#46a	https://wee.jp/i/2.png	18	ä»£æ›¿icon						
2	mstdn.at	mstdn.at	#fff	#46a	https://wee.jp/i/2.png	18	ä»£æ›¿icon						
2	mstdn.io	mstdn.io	#fff	#46a	https://wee.jp/i/2.png	18	ä»£æ›¿icon	https://ja.mstdn.wiki/Mstdn.io					
2	mstdn.mx	mstdn.mx	#fff	#46a	https://wee.jp/i/2.png	18	ä»£æ›¿icon						
2	es.muy.moe	es.muy.moe	#fff	#46a	https://wee.jp/i/2.png	18	ä»£æ›¿icon						
2	nebula.moe	nebula.moe	#fff	#46a	https://wee.jp/i/2.png	18	ä»£æ›¿icon						
2	newsbots.eu	newsbots.eu	#fff	#46a	https://wee.jp/i/2.png	18	ä»£æ›¿icon						
2	niu.moe	niu.moe	#fff	#46a	https://wee.jp/i/2.png	18	ä»£æ›¿icon	https://ja.mstdn.wiki/Niu.moe					
2	noagendasocial.com	noagendasocial.com	#fff	#46a	https://wee.jp/i/2.png	18	ä»£æ›¿icon						
2	norden.social	norden.social	#fff	#46a	https://wee.jp/i/2.png	18	ä»£æ›¿icon						
2	notbird.site	notbird.site	#fff	#46a	https://wee.jp/i/2.png	18	ä»£æ›¿icon						
2	nulled.red	nulled.red	#fff	#46a	https://wee.jp/i/2.png	18	ä»£æ›¿icon						
2	occult.camp	occult.camp	#fff	#46a	https://wee.jp/i/2.png	18	ä»£æ›¿icon						
2	octodon.social	octodon.social	#fff	#46a	https://wee.jp/i/2.png	18	ä»£æ›¿icon	https://ja.mstdn.wiki/Mastodon_Instances_(octodon.social)					
2	social.okaris.de	social.okaris.de	#fff	#46a	https://wee.jp/i/2.png	18	ä»£æ›¿icon						
2	onster.farm	onster.farm	#fff	#46a	https://wee.jp/i/2.png	18	ä»£æ›¿icon						
2	en.osm.town	en.osm.town	#fff	#46a	https://wee.jp/i/2.png	18	ä»£æ›¿icon						
2	mastodon.papey.fr	mastodon.papey.fr	#fff	#46a	https://wee.jp/i/2.png	18	ä»£æ›¿icon						
2	phpc.social	phpc.social	#fff	#46a	https://wee.jp/i/2.png	18	ä»£æ›¿icon						
2	piss.restaurant	piss.restaurant	#fff	#46a	https://wee.jp/i/2.png	18	ä»£æ›¿icon						
2	playvicious.social	playvicious.social	#fff	#46a	https://wee.jp/i/2.png	18	ä»£æ›¿icon						
2	plush.city	plush.city	#fff	#46a	https://wee.jp/i/2.png	18	ä»£æ›¿icon						
2	pokemon.men	pokemon.men	#fff	#46a	https://wee.jp/i/2.png	18	ä»£æ›¿icon						
2	pony.social	pony.social	#fff	#46a	https://wee.jp/i/2.png	18	ä»£æ›¿icon						
2	qaf.men	qaf.men	#fff	#46a	https://wee.jp/i/2.png	18	ä»£æ›¿icon						
2	qoto.org	qoto.org	#fff	#46a	https://wee.jp/i/2.png	18	ä»£æ›¿icon						
2	queer.party	queer.party	#fff	#46a	https://wee.jp/i/2.png	18	ä»£æ›¿icon						
2	quey.org	quey.org	#fff	#46a	https://wee.jp/i/2.png	18	ä»£æ›¿icon						
2	social.quodverum.com	social.quodverum.com	#fff	#46a	https://wee.jp/i/2.png	18	ä»£æ›¿icon						
2	radical.town	radical.town	#fff	#46a	https://wee.jp/i/2.png	18	ä»£æ›¿icon						
2	raggedfeathers.com	raggedfeathers.com	#fff	#46a	https://wee.jp/i/2.png	18	ä»£æ›¿icon						
2	toot-lab.reclaim.technology	toot-lab.reclaim.technology	#fff	#46a	https://wee.jp/i/2.png	18	ä»£æ›¿icon						
2	mastodon.sdf.org	mastodon.sdf.org	#fff	#46a	https://wee.jp/i/2.png	18	ä»£æ›¿icon						
2	shelter.moe	shelter.moe	#fff	#46a	https://wee.jp/i/2.png	18	ä»£æ›¿icon						
2	sinblr.com	sinblr.com	#fff	#46a	https://wee.jp/i/2.png	18	ä»£æ›¿icon						
2	shpposter.club	shpposter.club	#fff	#46a	https://wee.jp/i/2.png	18	ä»£æ›¿icon						
2	skaia.space	skaia.space	#fff	#46a	https://wee.jp/i/2.png	18	ä»£æ›¿icon						
2	sleeping.town	mastodon.sleeping.town	#fff	#46a	https://wee.jp/i/2.png	18	ä»£æ›¿icon						
2	sleeping.town	sleeping.town	#fff	#46a	https://wee.jp/i/2.png	18	ä»£æ›¿icon						
2	snouts.online	snouts.online	#fff	#46a	https://wee.jp/i/2.png	18	ä»£æ›¿icon						
2	social.coop	social.coop	#fff	#46a	https://wee.jp/i/2.png	18	ä»£æ›¿icon						
2	sonomu.club	sonomu.club	#fff	#46a	https://wee.jp/i/2.png	18	ä»£æ›¿icon						
2	sunbeam.city	sunbeam.city	#fff	#46a	https://wee.jp/i/2.png	18	ä»£æ›¿icon						
2	switter.at	switter.at	#fff	#46a	https://wee.jp/i/2.png	18	ä»£æ›¿icon	https://ja.mstdn.wiki/Switter.at					
2	takeoverthe.world	takeoverthe.world	#fff	#46a	https://wee.jp/i/2.png	18	ä»£æ›¿icon						
2	social.taker.fr	social.taker.fr	#fff	#46a	https://wee.jp/i/2.png	18	ä»£æ›¿icon						
2	social.targaryen.house	social.targaryen.house	#fff	#46a	https://wee.jp/i/2.png	18	ä»£æ›¿icon						
2	social.tchncs.de	social.tchncs.de	#fff	#46a	https://wee.jp/i/2.png	18	ä»£æ›¿icon						
2	mastodon.tetaneutral.net	mastodon.tetaneutral.net	#fff	#46a	https://wee.jp/i/2.png	18	ä»£æ›¿icon						
2	thraeryn.net	thraeryn.net	#fff	#46a	https://wee.jp/i/2.png	18	ä»£æ›¿icon						
2	todon.nl	todon.nl	#fff	#46a	https://wee.jp/i/2.png	18	ä»£æ›¿icon						
2	toot.berlin	toot.berlin	#fff	#46a	https://wee.jp/i/2.png	18	ä»£æ›¿icon						
2	toot.cafe	toot.cafe	#fff	#46a	https://wee.jp/i/2.png	18	ä»£æ›¿icon						
2	toot.cat	toot.cat	#fff	#46a	https://wee.jp/i/2.png	18	ä»£æ›¿icon						
2	toot.site	toot.site	#fff	#46a	https://wee.jp/i/2.png	18	ä»£æ›¿icon						
2	toots.social	toots.social	#fff	#46a	https://wee.jp/i/2.png	18	ä»£æ›¿icon						
2	tootplanet.space	tootplanet.space	#fff	#46a	https://wee.jp/i/2.png	18	ä»£æ›¿icon						
2	trollian.space	trollian.space	#fff	#46a	https://wee.jp/i/2.png	18	ä»£æ›¿icon						
2	Twingyeo (íŠ¸ì‰ì—¬)	twingyeo.kr	#fff	#46a	https://wee.jp/i/2.png	18	ä»£æ›¿icon	https://ja.mstdn.wiki/Twingyeo.kr					
2	twinja.club	twinja.club	#fff	#46a	https://wee.jp/i/2.png	18	ä»£æ›¿icon						
2	hellsite.tyronesama.moe	hellsite.tyronesama.moe	#fff	#46a	https://wee.jp/i/2.png	18	ä»£æ›¿icon						
2	ubuntu.social	ubuntu.social	#fff	#46a	https://wee.jp/i/2.png	18	ä»£æ›¿icon						
2	uelfte.club	uelfte.club	#fff	#46a	https://wee.jp/i/2.png	18	ä»£æ›¿icon						
2	social.unextro.net	social.unextro.net	#fff	#46a	https://wee.jp/i/2.png	18	ä»£æ›¿icon						
2	uwu.social	uwu.social	#fff	#46a	https://wee.jp/i/2.png	18	ä»£æ›¿icon						
2	vulpine.club	vulpine.club	#fff	#46a	https://wee.jp/i/2.png	18	ä»£æ›¿icon						
2	wake.st	wake.st	#fff	#46a	https://wee.jp/i/2.png	18	ä»£æ›¿icon						
2	wandering.shop	wandering.shop	#fff	#46a	https://wee.jp/i/2.png	18	ä»£æ›¿icon						
2	whomst.dog	whomst.dog	#fff	#46a	https://wee.jp/i/2.png	18	ä»£æ›¿icon						
2	witchcraft.cafe	witchcraft.cafe	#fff	#46a	https://wee.jp/i/2.png	18	ä»£æ›¿icon						
2	witches.live	witches.live	#fff	#46a	https://wee.jp/i/2.png	18	ä»£æ›¿icon						
2	wp-social.net	wp-social.net	#fff	#46a	https://wee.jp/i/2.png	18	ä»£æ›¿icon						
2	wokka.be	wokka.be	#fff	#46a	https://wee.jp/i/2.png	18	ä»£æ›¿icon						
2	social.wxcafe.net	social.wxcafe.net	#fff	#46a	https://wee.jp/i/2.png	18	ä»£æ›¿icon						
2	wxw.moe	wxw.moe	#fff	#46a	https://wee.jp/i/2.png	18	ä»£æ›¿icon	https://ja.mstdn.wiki/Wxw.moe					
2	x0f.org	x0f.org	#fff	#46a	https://wee.jp/i/2.png	18	ä»£æ›¿icon						
2	yiff.life	yiff.life	#fff	#46a	https://wee.jp/i/2.png	18	ä»£æ›¿icon						
3	p.a3.pm	p.a3.pm	#da5	#123	https://wee.jp/i/3.png	18	ä»£æ›¿icon						
3	accela.online	accela.online	#da5	#123	https://wee.jp/i/3.png	18	ä»£æ›¿icon						
3	tomo.airen-no-jikken.icu	tomo.airen-no-jikken.icu	#da5	#123	https://wee.jp/i/3.png	18	ä»£æ›¿icon						
3	talknet.akabe.co	talknet.akabe.co	#da5	#123	https://wee.jp/i/3.png	18	ä»£æ›¿icon	https://ja.mstdn.wiki/Becodon					
3	forum.ama.ne.jp	forum.ama.ne.jp	#da5	#123	https://wee.jp/i/3.png	18	ä»£æ›¿icon						
3	anime.website	anime.website	#da5	#123	https://wee.jp/i/3.png	18	ä»£æ›¿icon						
3	pl.asterism.xyz	pl.asterism.xyz	#da5	#123	https://wee.jp/i/3.png	18	ä»£æ›¿icon						
3	pl.at7s.me	pl.at7s.me	#da5	#123	https://wee.jp/i/3.png	18	ä»£æ›¿icon						
3	blovice.bahnhof.cz	blovice.bahnhof.cz	#da5	#123	https://wee.jp/i/3.png	18	ä»£æ›¿icon						
3	social.beepboop.ga	social.beepboop.ga	#da5	#123	https://wee.jp/i/3.png	18	ä»£æ›¿icon						
3	pleroma.ch405.xyz	pleroma.ch405.xyz	#da5	#123	https://wee.jp/i/3.png	18	ä»£æ›¿icon						
3	cybre.club	cybre.club	#da5	#123	https://wee.jp/i/3.png	18	ä»£æ›¿icon						
3	3.distsn.org	3.distsn.org	#da5	#123	https://wee.jp/i/3.png	18	ä»£æ›¿icon						
3	pler.gtx.dynu.net	pler.gtx.dynu.net	#da5	#123	https://wee.jp/i/3.png	18	ä»£æ›¿icon						
3	soc.freedombone.net	soc.freedombone.net	#da5	#123	https://wee.jp/i/3.png	18	ä»£æ›¿icon						
3	freespeechextremist.com	freespeechextremist.com	#da5	#123	https://wee.jp/i/3.png	18	ä»£æ›¿icon						
3	sale.gauchiste.club	sale.gauchiste.club	#da5	#123	https://wee.jp/i/3.png	18	ä»£æ›¿icon						
3	social.gerotintin.com	social.gerotintin.com	#da5	#123	https://wee.jp/i/3.png	18	ä»£æ›¿icon						
3	pleroma.gdgd.jp.net	pleroma.gdgd.jp.net	#da5	#123	https://wee.jp/i/3.png	18	ä»£æ›¿icon						
3	the.hedgehoghunter.club	the.hedgehoghunter.club	#da5	#123	https://wee.jp/i/3.png	18	ä»£æ›¿icon						
3	plrm.ht164.jp	plrm.ht164.jp	#da5	#123	https://wee.jp/i/3.png	18	ä»£æ›¿icon						
3	pl.istukiy.com	pl.istukiy.com	#da5	#123	https://wee.jp/i/3.png	18	ä»£æ›¿icon						
3	iscute.moe	iscute.moe	#da5	#123	https://wee.jp/i/3.png	18	ä»£æ›¿icon						
3	kawen.space	kawen.space	#da5	#123	https://wee.jp/i/3.png	18	ä»£æ›¿icon						
3	pl.komittee.net	pl.komittee.net	#da5	#123	https://wee.jp/i/3.png	18	ä»£æ›¿icon						
3	pl.kpherox.dev	pl.kpherox.dev	#da5	#123	https://wee.jp/i/3.png	18	ä»£æ›¿icon						
3	letsalllovela.in	letsalllovela.in	#da5	#123	https://wee.jp/i/3.png	18	ä»£æ›¿icon						
3	social.libre.fi	social.libre.fi	#da5	#123	https://wee.jp/i/3.png	18	ä»£æ›¿icon						
3	marchgenso.me	marchgenso.me	#da5	#123	https://wee.jp/i/3.png	18	ä»£æ›¿icon						
3	stereophonic.space	stereophonic.space	#da5	#123	https://wee.jp/i/3.png	18	ä»£æ›¿icon						
3	ms-olive.club	ms-olive.club	#da5	#123	https://wee.jp/i/3.png	18	ä»£æ›¿icon						
3	patch.cx	patch.cx	#da5	#123	https://wee.jp/i/3.png	18	ä»£æ›¿icon						
3	pikachu.rocks	pikachu.rocks	#da5	#123	https://wee.jp/i/3.png	18	ä»£æ›¿icon						
3	pla.social	pla.social	#da5	#123	https://wee.jp/i/3.png	18	ä»£æ›¿icon						
3	pleroma.pla1.net	pleroma.pla1.net	#da5	#123	https://wee.jp/i/3.png	18	ä»£æ›¿icon						
3	pleroma7.pla1.net	pleroma7.pla1.net	#da5	#123	https://wee.jp/i/3.png	18	ä»£æ›¿icon						
3	é–‰é–æ¸ˆã¿	plero.ma	#fff	#666	https://wee.jp/i/3.png	18	ä»£æ›¿icon						
3	pleroma.io	pleroma.io	#da5	#123	https://wee.jp/i/3.png	18	ä»£æ›¿icon						
3	pleroma.site	pleroma.site	#da5	#123	https://wee.jp/i/3.png	18	ä»£æ›¿icon						
3	plr.ph3j.com	plr.ph3j.com	#da5	#123	https://wee.jp/i/3.png	18	ä»£æ›¿icon						
3	fediverse.network	fediverse.network	#da5	#123	https://wee.jp/i/3.png	18	ä»£æ›¿icon						
3	plrm.polyohm.net	plrm.polyohm.net	#da5	#123	https://wee.jp/i/3.png	18	ä»£æ›¿icon						
3	shigusegubu.club	shigusegubu.club	#da5	#123	https://wee.jp/i/3.png	18	ä»£æ›¿icon						
3	social.im	social.im	#da5	#123	https://wee.jp/i/3.png	18	ä»£æ›¿icon						
3	social.sakamoto.gq	social.sakamoto.gq	#da5	#123	https://wee.jp/i/3.png	18	ä»£æ›¿icon						
3	shitposter.club	shitposter.club	#da5	#123	https://wee.jp/i/3.png	18	ä»£æ›¿icon						
3	shootjackdorseyinto.space	shootjackdorseyinto.space	#da5	#123	https://wee.jp/i/3.png	18	ä»£æ›¿icon						
3	pl.smuglo.li	pl.smuglo.li	#da5	#123	https://wee.jp/i/3.png	18	ä»£æ›¿icon						
3	pleroma.soykaf.com	pleroma.soykaf.com	#da5	#123	https://wee.jp/i/3.png	18	ä»£æ›¿icon	https://ja.mstdn.wiki/Pleroma					
3	pl.telteltel.com	pl.telteltel.com	#da5	#123	https://wee.jp/i/3.png	18	ä»£æ›¿icon						
3	social.myfreecams.com	social.myfreecams.com	#da5	#123	https://wee.jp/i/3.png	18	ä»£æ›¿icon						
3	pleroma.noellabo.jp	pleroma.noellabo.jp	#da5	#123	https://wee.jp/i/3.png	18	ä»£æ›¿icon						
3	pleroma.vocalodon.net	pleroma.vocalodon.net	#da5	#123	https://wee.jp/i/3.png	18	ä»£æ›¿icon						
3	weeaboo.space	weeaboo.space	#da5	#123	https://wee.jp/i/3.png	18	ä»£æ›¿icon						
3	yorishiro.space	yorishiro.space	#da5	#123	https://wee.jp/i/3.png	18	ä»£æ›¿icon						
4	twista.283.cloud	twista.283.cloud	#fff	#17a	https://wee.jp/i/4.png	18	ä»£æ›¿icon						
4	misskey.barippi.com	misskey.barippi.com	#fff	#17a	https://wee.jp/i/4.png	18	ä»£æ›¿icon						
4	gyutte.site	gyutte.site	#fff	#17a	https://wee.jp/i/4.png	18	ä»£æ›¿icon						
4	msk.kirigakure.net	msk.kirigakure.net	#fff	#17a	https://wee.jp/i/4.png	18	ä»£æ›¿icon						
4	kig.life	kig.life	#fff	#17a	https://wee.jp/i/4.png	18	ä»£æ›¿icon						
4	gaze.live-on.net	gaze.live-on.net	#fff	#17a	https://wee.jp/i/4.png	18	ä»£æ›¿icon						
4	mi.makotia.me	mi.makotia.me	#fff	#17a	https://wee.jp/i/4.png	18	ä»£æ›¿icon						
4	mamesky.mamemo.online	mamesky.mamemo.online	#fff	#17a	https://wee.jp/i/4.png	18	ä»£æ›¿icon						
4	misskey.m544.net	misskey.m544.net	#fff	#17a	https://wee.jp/i/4.png	18	ä»£æ›¿icon						
4	mewl.me	mewl.me	#fff	#17a	https://wee.jp/i/4.png	18	ä»£æ›¿icon						
4	mi-chan.work	mi-chan.work	#fff	#17a	https://wee.jp/i/4.png	18	ä»£æ›¿icon						
4	misskey.dev	misskey.dev	#fff	#17a	https://wee.jp/i/4.png	18	ä»£æ›¿icon						
4	misskey.io	misskey.io	#fff	#17a	https://wee.jp/i/4.png	18	ä»£æ›¿icon	https://ja.mstdn.wiki/Misskey					
4	misskey.love	misskey.love	#fff	#17a	https://wee.jp/i/4.png	18	ä»£æ›¿icon						
4	nekomimi.yokohama	nekomimi.yokohama	#fff	#17a	https://wee.jp/i/4.png	18	ä»£æ›¿icon						
4	twista.283.cloud	twista.283.cloud	#fff	#17a	https://wee.jp/i/4.png	18	ä»£æ›¿icon						
4	misskey.nana.sh	misskey.nana.sh	#fff	#17a	https://wee.jp/i/4.png	18	ä»£æ›¿icon						
4	misskey.ranranhome.info	misskey.ranranhome.info	#fff	#17a	https://wee.jp/i/4.png	18	ä»£æ›¿icon						
4	msky.naru.cafe	msky.naru.cafe	#fff	#17a	https://wee.jp/i/4.png	18	ä»£æ›¿icon						
4	noir.pub	noir.pub	#fff	#17a	https://wee.jp/i/4.png	18	ä»£æ›¿icon						
4	misskey.nokotaro.com	misskey.nokotaro.com	#fff	#17a	https://wee.jp/i/4.png	18	ä»£æ›¿icon						
4	phantasma.cloud	phantasma.cloud	#fff	#17a	https://wee.jp/i/4.png	18	ä»£æ›¿icon						
4	tri.cash	tri.cash	#fff	#17a	https://wee.jp/i/4.png	18	ä»£æ›¿icon						
4	uhouho.xyz	uhouho.xyz	#fff	#17a	https://wee.jp/i/4.png	18	ä»£æ›¿icon						
4	ğŸ’›.tk	xn--6r8h.tk	#fff	#17a	https://wee.jp/i/4.png	18	ä»£æ›¿icon						
4	misskey.xps2.net	misskey.xps2.net	#fff	#17a	https://wee.jp/i/4.png	18	ä»£æ›¿icon						
4	social.xeltica.work	social.xeltica.work	#fff	#17a	https://wee.jp/i/4.png	18	ä»£æ›¿icon						
4	yuzulia.xyz	yuzulia.xyz	#fff	#17a	https://wee.jp/i/4.png	18	ä»£æ›¿icon						
5	video.blender.org	video.blender.org	#000	#fff,#fff,#fff,#fff,#fff	https://wee.jp/i/5.png	18	ä»£æ›¿icon						
5	peertube.cpy.re	peertube.cpy.re	#000	#fff,#fff,#fff,#fff,#fff	https://wee.jp/i/5.png	18	ä»£æ›¿icon	https://ja.mstdn.wiki/PeerTube					
5	tube.h3z.jp	tube.h3z.jp	#000	#fff,#fff,#fff,#fff,#fff	https://wee.jp/i/5.png	18	ä»£æ›¿icon						
5	hostyour.tv	hostyour.tv	#000	#fff,#fff,#fff,#fff,#fff	https://wee.jp/i/5.png	18	ä»£æ›¿icon						
5	open.tube	open.tube	#000	#fff,#fff,#fff,#fff,#fff	https://wee.jp/i/5.png	18	ä»£æ›¿icon						
5	peertube.mastodon.host	peertube.mastodon.host	#000	#fff,#fff,#fff,#fff,#fff	https://wee.jp/i/5.png	18	ä»£æ›¿icon						
5	peertube.fr	peertube.fr	#000	#fff,#fff,#fff,#fff,#fff	https://wee.jp/i/5.png	18	ä»£æ›¿icon						
5	peertube.social	peertube.social	#000	#fff,#fff,#fff,#fff,#fff	https://wee.jp/i/5.png	18	ä»£æ›¿icon						
5	peertube.live	peertube.live	#000	#fff,#fff,#fff,#fff,#fff	https://wee.jp/i/5.png	18	ä»£æ›¿icon						
5	peertube.video	peertube.video	#000	#fff,#fff,#fff,#fff,#fff	https://wee.jp/i/5.png	18	ä»£æ›¿icon						
5	video.ploud.fr	video.ploud.fr	#000	#fff,#fff,#fff,#fff,#fff	https://wee.jp/i/5.png	18	ä»£æ›¿icon						
5	spacepub.space	spacepub.space	#000	#fff,#fff,#fff,#fff,#fff	https://wee.jp/i/5.png	18	ä»£æ›¿icon						
5	tube.yukimochi.jp	tube.yukimochi.jp	#000	#fff,#fff,#fff,#fff,#fff	https://wee.jp/i/5.png	18	ä»£æ›¿icon						
6	juick.com	juick.com	#069	#fff,#fff,#fff,#fff,#fff	https://wee.jp/i/6.png	18	ä»£æ›¿icon						
7	blog.cspray.io	blog.cspray.io	#123	#cff,#fff,#fff,#fff,#cff	https://wee.jp/i/7.png	18	ä»£æ›¿icon						
7	monsterpit.blog	monsterpit.blog	#123	#cff,#fff,#fff,#fff,#cff	https://wee.jp/i/7.png	18	ä»£æ›¿icon						
7	write.privacytools.io	write.privacytools.io	#123	#cff,#fff,#fff,#fff,#cff	https://wee.jp/i/7.png	18	ä»£æ›¿icon						
7	wordsmith.social	wordsmith.social	#123	#cff,#fff,#fff,#fff,#cff	https://wee.jp/i/7.png	18	ä»£æ›¿icon						
7	pencil.writefree.ly	pencil.writefree.ly	#123	#cff,#fff,#fff,#fff,#cff	https://wee.jp/i/7.png	18	ä»£æ›¿icon						
7	Write.as	write.as	#123	#cff,#fff,#fff,#fff,#cff	https://wee.jp/i/7.png	18	ä»£æ›¿icon						
7	qua.name	qua.name	#123	#cff,#fff,#fff,#fff,#cff	https://wee.jp/i/7.png	18	ä»£æ›¿icon						
8	fedi.pictures	fedi.pictures	#000	#fff,#fff,#fff,#fff,#fff	https://wee.jp/i/8.png	18	ä»£æ›¿icon						
8	pix.diaspodon.fr	pix.diaspodon.fr	#000	#fff,#fff,#fff,#fff,#fff	https://wee.jp/i/8.png	18	ä»£æ›¿icon						
8	pixels.helpchangethe.world	pixels.helpchangethe.world	#000	#fff,#fff,#fff,#fff,#fff	https://wee.jp/i/8.png	18	ä»£æ›¿icon						
8	pixelfed.de	pixelfed.de	#000	#fff,#fff,#fff,#fff,#fff	https://wee.jp/i/8.png	18	ä»£æ›¿icon						
8	pixelfed.fr	pixelfed.fr	#000	#fff,#fff,#fff,#fff,#fff	https://wee.jp/i/8.png	18	ä»£æ›¿icon						
8	pixelfed.fi	pixelfed.fi	#000	#fff,#fff,#fff,#fff,#fff	https://wee.jp/i/8.png	18	ä»£æ›¿icon						
8	staging.pixelfed.net	staging.pixelfed.net	#000	#fff,#fff,#fff,#fff,#fff	https://wee.jp/i/8.png	18	ä»£æ›¿icon						
8	pixelfed.nz	pixelfed.nz	#000	#fff,#fff,#fff,#fff,#fff	https://wee.jp/i/8.png	18	ä»£æ›¿icon						
8	pixelfed.social	pixelfed.social	#000	#fff,#fff,#fff,#fff,#fff	https://wee.jp/i/8.png	18	ä»£æ›¿icon						
8	pixelfed.tokyo	pixelfed.tokyo	#000	#fff,#fff,#fff,#fff,#fff	https://wee.jp/i/8.png	18	ä»£æ›¿icon						
8	pixfed.com	pixfed.com	#000	#fff,#fff,#fff,#fff,#fff	https://wee.jp/i/8.png	18	ä»£æ›¿icon						
8	pxlfd.me	pxlfd.me	#000	#fff,#fff,#fff,#fff,#fff	https://wee.jp/i/8.png	18	ä»£æ›¿icon						
10	gerzilla.de	gerzilla.de	#fff	#779	https://wee.jp/i/10.png	18	ä»£æ›¿icon						
10	ibb.info	ibb.info	#fff	#779	https://wee.jp/i/10.png	18	ä»£æ›¿icon						
10	hub.netzgemeinde.eu	hub.netzgemeinde.eu	#fff	#779	https://wee.jp/i/10.png	18	ä»£æ›¿icon						
10	plus.haruk.in	plus.haruk.in	#fff	#779	https://wee.jp/o/plus_haruk_in.png	33	ç®¡ç†è€…æå‡º						
10	start.hubzilla.org	start.hubzilla.org	#fff	#779	https://wee.jp/i/10.png	18	ä»£æ›¿icon						
11	immerweiterlaufen.net	immerweiterlaufen.net	#fff	#343	https://wee.jp/i/11.png	18	ä»£æ›¿icon						
11	osada.alternanet.fr	osada.alternanet.fr	#fff	#343	https://wee.jp/i/11.png	18	ä»£æ›¿icon						
11	osada.app	osada.app	#fff	#343	https://wee.jp/i/11.png	18	ä»£æ›¿icon						
12	friendica.kommune4.de	friendica.kommune4.de	#fc2	#17a	https://wee.jp/i/12.png	18	ä»£æ›¿icon						
12	friends.tausys.de	friends.tausys.de	#fc2	#17a	https://wee.jp/i/12.png	18	ä»£æ›¿icon						
12	loma.ml	loma.ml	#fc2	#17a	https://wee.jp/i/12.png	18	ä»£æ›¿icon						
12	pirati.ca	pirati.ca	#fc2	#17a	https://wee.jp/i/12.png	18	ä»£æ›¿icon						
12	friendica.produnis.de	friendica.produnis.de	#fc2	#17a	https://wee.jp/i/12.png	18	ä»£æ›¿icon						
12	libranet.de	libranet.de	#fc2	#17a	https://wee.jp/i/12.png	18	ä»£æ›¿icon						
12	meld.de	meld.de	#fc2	#17a	https://wee.jp/i/12.png	18	ä»£æ›¿icon						
12	squeet.me	squeet.me	#fc2	#17a	https://wee.jp/i/12.png	18	ä»£æ›¿icon						
12	social.yl.ms	social.yl.ms	#fc2	#17a	https://wee.jp/i/12.png	18	ä»£æ›¿icon						
13	diasp.de	diasp.de	#fff	#111	https://wee.jp/i/13.png	18	ä»£æ›¿icon						
13	diasp.eu	diasp.eu	#fff	#111	https://wee.jp/i/13.png	18	ä»£æ›¿icon						
13	diasp.nl	diasp.nl	#fff	#111	https://wee.jp/i/13.png	18	ä»£æ›¿icon						
13	diasp.org	diasp.org	#fff	#111	https://wee.jp/i/13.png	18	ä»£æ›¿icon						
13	diaspora-fr.org	diaspora-fr.org	#fff	#111	https://wee.jp/i/13.png	18	ä»£æ›¿icon						
13	diaspora.com.ar	diaspora.com.ar	#fff	#111	https://wee.jp/i/13.png	18	ä»£æ›¿icon						
13	diasporabrazil.org	diasporabrazil.org	#fff	#111	https://wee.jp/i/13.png	18	ä»£æ›¿icon						
13	failure.net	failure.net	#fff	#111	https://wee.jp/i/13.png	18	ä»£æ›¿icon						
13	pod.geraspora.de	pod.geraspora.de	#fff	#111	https://wee.jp/i/13.png	18	ä»£æ›¿icon						
13	joindiaspora.com	joindiaspora.com	#fff	#111	https://wee.jp/i/13.png	18	ä»£æ›¿icon	https://wiki.archlinux.jp/index.php/Diaspora					
13	mondiaspora.net	mondiaspora.net	#fff	#111	https://wee.jp/i/13.png	18	ä»£æ›¿icon						
13	nerdpol.ch	nerdpol.ch	#fff	#111	https://wee.jp/i/13.png	18	ä»£æ›¿icon						
13	pekospora.pekoyama.com	pekospora.pekoyama.com	#fff	#111	https://wee.jp/i/13.png	18	ä»£æ›¿icon						
13	pluspora.com	pluspora.com	#fff	#111	https://wee.jp/i/13.png	18	ä»£æ›¿icon						
13	russiandiaspora.org	russiandiaspora.org	#fff	#111	https://wee.jp/i/13.png	18	ä»£æ›¿icon						
13	diaspora.psyco.fr	diaspora.psyco.fr	#fff	#111	https://wee.jp/i/13.png	18	ä»£æ›¿icon						
13	sysad.org	sysad.org	#fff	#111	https://wee.jp/i/13.png	18	ä»£æ›¿icon						
13	poddery.com	poddery.com	#fff	#111	https://wee.jp/i/13.png	18	ä»£æ›¿icon						
13	poddery.com	test.poddery.com	#fff	#111	https://wee.jp/i/13.png	18	ä»£æ›¿icon						
14	gameshogun.xyz	gameshogun.xyz	#000	#fff,#fff,#fff,#fff,#fff	https://wee.jp/i/14.png	18	ä»£æ›¿icon						
14	gjhr.fr	www.gjhr.fr	#000	#fff,#fff,#fff,#fff,#fff	https://wee.jp/i/14.png	18	ä»£æ›¿icon						
14	james.network	james.network	#000	#fff,#fff,#fff,#fff,#fff	https://wee.jp/i/14.png	18	ä»£æ›¿icon						
14	jcsesecuneta.com	jcsesecuneta.com	#000	#fff,#fff,#fff,#fff,#fff	https://wee.jp/i/14.png	18	ä»£æ›¿icon						
14	blog.novatrend.ch	blog.novatrend.ch	#000	#fff,#fff,#fff,#fff,#fff	https://wee.jp/i/14.png	18	ä»£æ›¿icon						
14	lostfocus.de	lostfocus.de	#000	#fff,#fff,#fff,#fff,#fff	https://wee.jp/i/14.png	18	ä»£æ›¿icon						
14	notiz.blog	notiz.blog	#000	#fff,#fff,#fff,#fff,#fff	https://wee.jp/i/14.png	18	ä»£æ›¿icon						
14	operationtulip.com	operationtulip.com	#000	#fff,#fff,#fff,#fff,#fff	https://wee.jp/i/14.png	18	ä»£æ›¿icon						
14	stormlighttech.org	stormlighttech.org	#000	#fff,#fff,#fff,#fff,#fff	https://wee.jp/i/14.png	18	ä»£æ›¿icon						
14	stormlighttech.org	www.stormlighttech.org	#000	#fff,#fff,#fff,#fff,#fff	https://wee.jp/i/14.png	18	ä»£æ›¿icon						
15	prismo.fedibird.com	prismo.fedibird.com	#fff	#1ab	https://wee.jp/i/15.png	18	ä»£æ›¿icon						
15	hostux.news	hostux.news	#fff	#1ab	https://wee.jp/i/15.png	18	ä»£æ›¿icon						
15	prismo.xyz	prismo.xyz	#fff	#1ab	https://wee.jp/i/15.png	18	ä»£æ›¿icon	https://ja.mstdn.wiki/Prismo					
15	news.tedomum.net	news.tedomum.net	#fff	#1ab	https://wee.jp/i/15.png	18	ä»£æ›¿icon						
16	blog.antopie.org	blog.antopie.org	#fff	#659	https://wee.jp/i/16.png	18	ä»£æ›¿icon						
16	Cat.Life	cat.life	#fff	#659	https://wee.jp/i/16.png	18	ä»£æ›¿icon						
16	cafe.sunbeam.city	cafe.sunbeam.city	#fff	#659	https://wee.jp/i/16.png	18	ä»£æ›¿icon						
16	Fediverse.blog	fediverse.blog	#fff	#659	https://wee.jp/i/16.png	18	ä»£æ›¿icon	https://ja.mstdn.wiki/Plume					
16	blog.funkwhale.audio	blog.funkwhale.audio	#fff	#659	https://wee.jp/i/16.png	18	ä»£æ›¿icon						
16	lorem.club	lorem.club	#fff	#659	https://wee.jp/i/16.png	18	ä»£æ›¿icon						
16	plume.mastodon.host	plume.mastodon.host	#fff	#659	https://wee.jp/i/16.png	18	ä»£æ›¿icon						
16	plume.nixnet.xyz	plume.nixnet.xyz	#fff	#659	https://wee.jp/i/16.png	18	ä»£æ›¿icon						
17	gab.com	gab.com	#0d7	#333,#333,#333,#333,#333	https://wee.jp/i/17.png	18	ä»£æ›¿icon	https://ja.mstdn.wiki/Gab					
